rank,feature,base_variable,family,mean_abs_shap,sd_abs_shap_across_folds,min_abs_shap,max_abs_shap,mean_signed_shap,mean_rank,worst_rank,folds_in_top10,mean_abs_shap_row_weighted,sampling_se,cv_across_folds,fold1_mean_abs
1,src_merra_aer_BCSMASS_wmean_1000km,src_merra_aer_BCSMASS_wmean_1000km,merra2_aerosol,0.8287766779188437,,0.8287766779188437,0.8287766779188437,0.030725387847080156,1.0,1,1,0.8287766779188437,0.03861706828227883,,0.8287766779188437
2,src_merra_aer_BCSMASS_wmean_500km,src_merra_aer_BCSMASS_wmean_500km,merra2_aerosol,0.6800479984615542,,0.6800479984615542,0.6800479984615542,-0.018286071236120607,2.0,2,1,0.6800479984615542,0.05025220651558168,,0.6800479984615542
3,src_merra_aer_BCSMASS_wmean_250km,src_merra_aer_BCSMASS_wmean_250km,merra2_aerosol,0.35797636036582176,,0.35797636036582176,0.35797636036582176,-0.05239538283279832,3.0,3,1,0.35797636036582176,0.030689046720227667,,0.35797636036582176
4,src_merra_aer_BCSMASS_point,src_merra_aer_BCSMASS_point,merra2_aerosol,0.32231964915690514,,0.32231964915690514,0.32231964915690514,-0.055523332082152224,4.0,4,1,0.32231964915690514,0.024938475397303483,,0.32231964915690514
5,src_merra_slv_V2M_wmean_1000km,src_merra_slv_V2M_wmean_1000km,merra2_meteorology,0.22901377538029938,,0.22901377538029938,0.22901377538029938,0.0023618301971135257,5.0,5,1,0.22901377538029938,0.00952869087455189,,0.22901377538029938
6,lcdc,lcdc,narr_meteorology,0.16523347270133565,,0.16523347270133565,0.16523347270133565,-0.033134905391718185,6.0,6,1,0.16523347270133565,0.010877931541324803,,0.16523347270133565
7,src_merra_aer_SO4SMASS_point,src_merra_aer_SO4SMASS_point,merra2_aerosol,0.15423036719612326,,0.15423036719612326,0.15423036719612326,-0.002751256222138961,7.0,7,1,0.15423036719612326,0.007281802124343824,,0.15423036719612326
8,ca_road_cell_lon,ca_road_cell_lon,land_use_context,0.1524267929659645,,0.1524267929659645,0.1524267929659645,-0.02157401189728449,8.0,8,1,0.1524267929659645,0.011992391711037791,,0.1524267929659645
9,air_sfc,air_sfc,narr_meteorology,0.11939162739473917,,0.11939162739473917,0.11939162739473917,0.025009156577217542,9.0,9,1,0.11939162739473917,0.014113715875017791,,0.11939162739473917
10,src_merra_flx_SPEED_wmean_250km,src_merra_flx_SPEED_wmean_250km,merra2_meteorology,0.11345067174472279,,0.11345067174472279,0.11345067174472279,-0.011711760023146193,10.0,10,1,0.11345067174472279,0.006075575670015007,,0.11345067174472279
11,src_merra_slv_V2M_wmean_500km,src_merra_slv_V2M_wmean_500km,merra2_meteorology,0.10940261832892659,,0.10940261832892659,0.10940261832892659,0.004116645528802403,11.0,11,0,0.10940261832892659,0.004711881010651934,,0.10940261832892659
12,src_merra_aer_OCSMASS_point,src_merra_aer_OCSMASS_point,merra2_aerosol,0.10766588400706721,,0.10766588400706721,0.10766588400706721,-0.005397876646713981,12.0,12,0,0.10766588400706721,0.010315489031481774,,0.10766588400706721
13,src_merra_flx_TLML_wmean_250km,src_merra_flx_TLML_wmean_250km,merra2_meteorology,0.099599050575423,,0.099599050575423,0.099599050575423,-0.013766740378384027,13.0,13,0,0.099599050575423,0.007750884567945679,,0.099599050575423
14,ca_lc_lc_frac_class_6,ca_lc_lc_frac_class_6,land_use_context,0.09049007836271812,,0.09049007836271812,0.09049007836271812,-0.011635600803926175,14.0,14,0,0.09049007836271812,0.006535366350174132,,0.09049007836271812
15,dayofyear,dayofyear,seasonality,0.08940103594748623,,0.08940103594748623,0.08940103594748623,0.001883809793468568,15.0,15,0,0.08940103594748623,0.008150666534541016,,0.08940103594748623
16,mcdc,mcdc,narr_meteorology,0.08163145381744008,,0.08163145381744008,0.08163145381744008,0.0014132646550510746,16.0,16,0,0.08163145381744008,0.0042343289346256285,,0.08163145381744008
17,src_merra_aer_BCSMASS_wmean_100km,src_merra_aer_BCSMASS_wmean_100km,merra2_aerosol,0.07565440044744866,,0.07565440044744866,0.07565440044744866,-0.017342799597194255,17.0,17,0,0.07565440044744866,0.013563058904830491,,0.07565440044744866
18,src_merra_slv_V250_wmean_500km,src_merra_slv_V250_wmean_500km,merra2_meteorology,0.07495592361456825,,0.07495592361456825,0.07495592361456825,0.007050894515941364,18.0,18,0,0.07495592361456825,0.005683833983345739,,0.07495592361456825
19,ca_road_major_road_length_km,ca_road_major_road_length_km,land_use_context,0.07200728891345275,,0.07200728891345275,0.07200728891345275,-0.020942972207072794,19.0,19,0,0.07200728891345275,0.006553094337878652,,0.07200728891345275
20,ca_lc_lc_pixel_count,ca_lc_lc_pixel_count,land_use_context,0.07063924065633444,,0.07063924065633444,0.07063924065633444,-0.01369395097713439,20.0,20,0,0.07063924065633444,0.0035358390747868475,,0.07063924065633444
21,ca_lc_lc_frac_class_5,ca_lc_lc_frac_class_5,land_use_context,0.06501188454685043,,0.06501188454685043,0.06501188454685043,-0.001432703275809954,21.0,21,0,0.06501188454685043,0.007330898650952269,,0.06501188454685043
22,shum_2m,shum_2m,narr_meteorology,0.05876932278308526,,0.05876932278308526,0.05876932278308526,0.011754391005629158,22.0,22,0,0.05876932278308526,0.003949023287334368,,0.05876932278308526
23,src_merra_flx_QLML_wmean_1000km_lag1,src_merra_flx_QLML_wmean_1000km,merra2_meteorology,0.05848946300655792,,0.05848946300655792,0.05848946300655792,-0.0014469291742502217,23.0,23,0,0.05848946300655792,0.004321205503313435,,0.05848946300655792
24,pr_wtr,pr_wtr,narr_meteorology,0.05799953832332239,,0.05799953832332239,0.05799953832332239,0.010732892776749863,24.0,24,0,0.05799953832332239,0.003944308440997807,,0.05799953832332239
25,ca_lc_lc_frac_class_1,ca_lc_lc_frac_class_1,land_use_context,0.057813557923110985,,0.057813557923110985,0.057813557923110985,-0.003499753897782353,25.0,25,0,0.057813557923110985,0.0038793597720021365,,0.057813557923110985
26,hpbl,hpbl,narr_meteorology,0.05745371829618642,,0.05745371829618642,0.05745371829618642,-0.0038847970511146014,26.0,26,0,0.05745371829618642,0.004086367082520787,,0.05745371829618642
27,src_merra_aer_SSSMASS25_wmean_1000km,src_merra_aer_SSSMASS25_wmean_1000km,merra2_aerosol,0.0556356034704809,,0.0556356034704809,0.0556356034704809,-0.0005496895688311596,27.0,27,0,0.0556356034704809,0.0036008224955231967,,0.0556356034704809
28,src_merra_flx_QLML_wmean_1000km_roll3_mean,src_merra_flx_QLML_wmean_1000km,merra2_meteorology,0.05559629625832845,,0.05559629625832845,0.05559629625832845,-0.005076465684084781,28.0,28,0,0.05559629625832845,0.004997663449302898,,0.05559629625832845
29,src_merra_aer_DUSMASS25_wmean_250km,src_merra_aer_DUSMASS25_wmean_250km,merra2_aerosol,0.05472438020704173,,0.05472438020704173,0.05472438020704173,-0.0014581118946537432,29.0,29,0,0.05472438020704173,0.0028271811036606363,,0.05472438020704173
30,src_merra_slv_V2M_wmean_250km,src_merra_slv_V2M_wmean_250km,merra2_meteorology,0.05334501872939762,,0.05334501872939762,0.05334501872939762,0.00030011743442666654,30.0,30,0,0.05334501872939762,0.002667021161455373,,0.05334501872939762
31,ca_road_major_road_density_km_per_km2,ca_road_major_road_density_km_per_km2,land_use_context,0.0524106979694433,,0.0524106979694433,0.0524106979694433,-0.011063744318020057,31.0,31,0,0.0524106979694433,0.0028366534277879433,,0.0524106979694433
32,src_merra_flx_SPEED_wmean_500km,src_merra_flx_SPEED_wmean_500km,merra2_meteorology,0.051204048398195694,,0.051204048398195694,0.051204048398195694,0.0012749606662589388,32.0,32,0,0.051204048398195694,0.0033440836804784118,,0.051204048398195694
33,src_merra_aer_BCEXTTAU_point,src_merra_aer_BCEXTTAU_point,merra2_aerosol,0.05048015648973559,,0.05048015648973559,0.05048015648973559,-0.0034408097478415213,33.0,33,0,0.05048015648973559,0.003437887026528844,,0.05048015648973559
34,src_merra_slv_V250_wmean_250km,src_merra_slv_V250_wmean_250km,merra2_meteorology,0.04830093300156957,,0.04830093300156957,0.04830093300156957,0.005997141863120249,34.0,34,0,0.04830093300156957,0.0035179808788183835,,0.04830093300156957
35,src_merra_aer_SO4SMASS_wmean_250km,src_merra_aer_SO4SMASS_wmean_250km,merra2_aerosol,0.047663797451142374,,0.047663797451142374,0.047663797451142374,-0.0013941739066672357,35.0,35,0,0.047663797451142374,0.0028822007405007954,,0.047663797451142374
36,src_merra_flx_SPEED_wmean_1000km,src_merra_flx_SPEED_wmean_1000km,merra2_meteorology,0.04675194213183861,,0.04675194213183861,0.04675194213183861,0.0004545966782176246,36.0,36,0,0.04675194213183861,0.0032992175884429386,,0.04675194213183861
37,dswrf,dswrf,narr_meteorology,0.04622930550879833,,0.04622930550879833,0.04622930550879833,-0.009478659835586175,37.0,37,0,0.04622930550879833,0.0030494508326257656,,0.04622930550879833
38,src_merra_aer_SO4SMASS_wmean_500km,src_merra_aer_SO4SMASS_wmean_500km,merra2_aerosol,0.04258089022683264,,0.04258089022683264,0.04258089022683264,0.002868333375481574,38.0,38,0,0.04258089022683264,0.002401329635322905,,0.04258089022683264
39,src_merra_flx_QLML_wmean_500km_roll3_max,src_merra_flx_QLML_wmean_500km,merra2_meteorology,0.04257219170210224,,0.04257219170210224,0.04257219170210224,0.0035884929828027823,39.0,39,0,0.04257219170210224,0.005339966684524025,,0.04257219170210224
40,src_merra_flx_QLML_wmean_250km,src_merra_flx_QLML_wmean_250km,merra2_meteorology,0.04169806524876931,,0.04169806524876931,0.04169806524876931,-0.009343045951750192,40.0,40,0,0.04169806524876931,0.0021624736443120562,,0.04169806524876931
41,AOD_055_filled,AOD_055_filled,satellite_aod,0.04044204121541438,,0.04044204121541438,0.04044204121541438,0.0004491517173035923,41.0,41,0,0.04044204121541438,0.003231507037564731,,0.04044204121541438
42,src_merra_aer_SO4SMASS_wmean_1000km,src_merra_aer_SO4SMASS_wmean_1000km,merra2_aerosol,0.04025142320715499,,0.04025142320715499,0.04025142320715499,-0.0012167526156383291,42.0,42,0,0.04025142320715499,0.002454583986047301,,0.04025142320715499
43,src_merra_flx_QLML_wmean_1000km_roll7_mean,src_merra_flx_QLML_wmean_1000km,merra2_meteorology,0.039663834485510564,,0.039663834485510564,0.039663834485510564,-0.0012466334906485843,43.0,43,0,0.039663834485510564,0.003955207958288825,,0.039663834485510564
44,src_merra_flx_SPEED_wmean_100km,src_merra_flx_SPEED_wmean_100km,merra2_meteorology,0.039615832065534796,,0.039615832065534796,0.039615832065534796,-0.0009474530753285545,44.0,44,0,0.039615832065534796,0.00221301144811784,,0.039615832065534796
45,src_merra_flx_QLML_wmean_500km_lag1,src_merra_flx_QLML_wmean_500km,merra2_meteorology,0.039337421324909784,,0.039337421324909784,0.039337421324909784,0.0008156387637645063,45.0,45,0,0.039337421324909784,0.0034848594244198125,,0.039337421324909784
46,ca_road_cell_area_km2,ca_road_cell_area_km2,land_use_context,0.03751401218562502,,0.03751401218562502,0.03751401218562502,-0.007595470919455386,46.0,46,0,0.03751401218562502,0.0017798139753939775,,0.03751401218562502
47,src_merra_aer_SSSMASS25_wmean_250km,src_merra_aer_SSSMASS25_wmean_250km,merra2_aerosol,0.037414556243373615,,0.037414556243373615,0.037414556243373615,0.0037596256735274638,47.0,47,0,0.037414556243373615,0.0026555943766342492,,0.037414556243373615
48,burned_nearest_km_1000km,burned_nearest_km_1000km,wildfire_smoke,0.03733789211932674,,0.03733789211932674,0.03733789211932674,0.0041942433361982084,48.0,48,0,0.03733789211932674,0.002196304709177212,,0.03733789211932674
49,src_merra_aer_OCSMASS_wmean_250km,src_merra_aer_OCSMASS_wmean_250km,merra2_aerosol,0.03728740370842036,,0.03728740370842036,0.03728740370842036,-0.0028632091250499992,49.0,49,0,0.03728740370842036,0.002508460180777758,,0.03728740370842036
50,src_viirs_count_1000km_roll3_min,src_viirs_count_1000km,wildfire_smoke,0.036551824813462246,,0.036551824813462246,0.036551824813462246,0.007145335619731374,50.0,50,0,0.036551824813462246,0.01960132969831735,,0.036551824813462246
51,vwnd_10m,vwnd_10m,narr_meteorology,0.0362430480025321,,0.0362430480025321,0.0362430480025321,0.003905188643569315,51.0,51,0,0.0362430480025321,0.0021970499160342614,,0.0362430480025321
52,src_merra_slv_V250_wmean_1000km,src_merra_slv_V250_wmean_1000km,merra2_meteorology,0.03583987531282419,,0.03583987531282419,0.03583987531282419,0.0004496396003065817,52.0,52,0,0.03583987531282419,0.002959509004407199,,0.03583987531282419
53,src_viirs_count_500km_roll7_max,src_viirs_count_500km,wildfire_smoke,0.03472807891788041,,0.03472807891788041,0.03472807891788041,0.005858130920507676,53.0,53,0,0.03472807891788041,0.0024869131042989778,,0.03472807891788041
54,AOD_055_filled_roll7_max,AOD_055_filled,satellite_aod,0.03395415830768926,,0.03395415830768926,0.03395415830768926,0.0030653123870708087,54.0,54,0,0.03395415830768926,0.0025183458906810337,,0.03395415830768926
55,pres_sfc,pres_sfc,narr_meteorology,0.03338452991318512,,0.03338452991318512,0.03338452991318512,-0.008101875759923181,55.0,55,0,0.03338452991318512,0.0027655849349219885,,0.03338452991318512
56,src_merra_slv_U2M_wmean_250km,src_merra_slv_U2M_wmean_250km,merra2_meteorology,0.032898064588938895,,0.032898064588938895,0.032898064588938895,0.0022884649680371557,56.0,56,0,0.032898064588938895,0.0027296320994478693,,0.032898064588938895
57,vis,vis,narr_meteorology,0.032831404222617655,,0.032831404222617655,0.032831404222617655,-0.0017734696139135278,57.0,57,0,0.032831404222617655,0.002498875167074581,,0.032831404222617655
58,src_merra_flx_QLML_wmean_1000km_roll3_max,src_merra_flx_QLML_wmean_1000km,merra2_meteorology,0.03209280215362312,,0.03209280215362312,0.03209280215362312,0.00021622653942608835,58.0,58,0,0.03209280215362312,0.003539390267210194,,0.03209280215362312
59,src_viirs_count_1000km_roll7_max,src_viirs_count_1000km,wildfire_smoke,0.031894784966037024,,0.031894784966037024,0.031894784966037024,-0.012942760020802043,59.0,59,0,0.031894784966037024,0.00491910015100369,,0.031894784966037024
60,src_merra_flx_TLML_wmean_500km,src_merra_flx_TLML_wmean_500km,merra2_meteorology,0.028383229576560597,,0.028383229576560597,0.028383229576560597,-0.002746674731857139,60.0,60,0,0.028383229576560597,0.0025234295973968223,,0.028383229576560597
61,src_hms_density_weight_wmean_500km,src_hms_density_weight_wmean_500km,wildfire_smoke,0.02773324539412072,,0.02773324539412072,0.02773324539412072,-0.013398390604697523,61.0,61,0,0.02773324539412072,0.003098950760416305,,0.02773324539412072
62,src_merra_aer_DUSMASS25_wmean_1000km,src_merra_aer_DUSMASS25_wmean_1000km,merra2_aerosol,0.02769484501226755,,0.02769484501226755,0.02769484501226755,0.0015917445976853044,62.0,62,0,0.02769484501226755,0.001868403449719139,,0.02769484501226755
63,windspeed_10m,windspeed_10m,narr_meteorology,0.02665485092243017,,0.02665485092243017,0.02665485092243017,-0.006408591505839715,63.0,63,0,0.02665485092243017,0.0016962374747308945,,0.02665485092243017
64,src_merra_slv_V850_wmean_1000km,src_merra_slv_V850_wmean_1000km,merra2_meteorology,0.024295669937868702,,0.024295669937868702,0.024295669937868702,-0.0049431529937743095,64.0,64,0,0.024295669937868702,0.0012791878120877247,,0.024295669937868702
65,src_merra_slv_V500_wmean_500km_lag1,src_merra_slv_V500_wmean_500km,merra2_meteorology,0.02421314588252754,,0.02421314588252754,0.02421314588252754,-0.0029869542537438415,65.0,65,0,0.02421314588252754,0.001552827340645506,,0.02421314588252754
66,src_merra_aer_OCSMASS_wmean_500km,src_merra_aer_OCSMASS_wmean_500km,merra2_aerosol,0.024074778724626173,,0.024074778724626173,0.024074778724626173,-0.0022335755311342458,66.0,66,0,0.024074778724626173,0.002559816708279704,,0.024074778724626173
67,src_viirs_frp_mw_sum_1000km,src_viirs_frp_mw_sum_1000km,wildfire_smoke,0.024031659541462237,,0.024031659541462237,0.024031659541462237,0.001041989255476594,67.0,67,0,0.024031659541462237,0.003378084991216813,,0.024031659541462237
68,AOD_055_filled_roll3_max,AOD_055_filled,satellite_aod,0.022665138538974828,,0.022665138538974828,0.022665138538974828,0.0023353691634072733,68.0,68,0,0.022665138538974828,0.0015979506430942678,,0.022665138538974828
69,src_viirs_frp_mw_sum_500km,src_viirs_frp_mw_sum_500km,wildfire_smoke,0.022086925378908034,,0.022086925378908034,0.022086925378908034,-0.002419379721391934,69.0,69,0,0.022086925378908034,0.0021129684644602058,,0.022086925378908034
70,src_merra_slv_U2M_wmean_500km,src_merra_slv_U2M_wmean_500km,merra2_meteorology,0.02198260958421225,,0.02198260958421225,0.02198260958421225,0.0014369450664738573,70.0,70,0,0.02198260958421225,0.0020212591125869156,,0.02198260958421225
71,src_merra_slv_V2M_wmean_100km,src_merra_slv_V2M_wmean_100km,merra2_meteorology,0.02165518170638201,,0.02165518170638201,0.02165518170638201,-0.002798833467514035,71.0,71,0,0.02165518170638201,0.0015882591108115078,,0.02165518170638201
72,src_merra_aer_DUSMASS25_wmean_500km,src_merra_aer_DUSMASS25_wmean_500km,merra2_aerosol,0.02125862278994841,,0.02125862278994841,0.02125862278994841,-3.022510729974147e-07,72.0,72,0,0.02125862278994841,0.0011523706587839337,,0.02125862278994841
73,src_merra_flx_TLML_wmean_100km,src_merra_flx_TLML_wmean_100km,merra2_meteorology,0.021215974002534627,,0.021215974002534627,0.021215974002534627,-0.0022556662725205516,73.0,73,0,0.021215974002534627,0.002152324272786002,,0.021215974002534627
74,acpcp,acpcp,narr_meteorology,0.021064416228251767,,0.021064416228251767,0.021064416228251767,0.0052707120743341294,74.0,74,0,0.021064416228251767,0.0011558121647411287,,0.021064416228251767
75,src_merra_slv_U850_wmean_1000km,src_merra_slv_U850_wmean_1000km,merra2_meteorology,0.020885131660539416,,0.020885131660539416,0.020885131660539416,-0.0017389830316592476,75.0,75,0,0.020885131660539416,0.0013041481009197185,,0.020885131660539416
76,src_viirs_count_250km_roll7_max,src_viirs_count_250km,wildfire_smoke,0.02045355722771375,,0.02045355722771375,0.02045355722771375,0.002061520282877835,76.0,76,0,0.02045355722771375,0.0014233229253899824,,0.02045355722771375
77,src_merra_flx_QLML_wmean_500km_roll7_mean,src_merra_flx_QLML_wmean_500km,merra2_meteorology,0.020334247879376224,,0.020334247879376224,0.020334247879376224,0.005095914483466307,77.0,77,0,0.020334247879376224,0.0023248628463768393,,0.020334247879376224
78,src_hms_density_weight_wmean_100km,src_hms_density_weight_wmean_100km,wildfire_smoke,0.019813898148478743,,0.019813898148478743,0.019813898148478743,-0.0020997392199640515,78.0,78,0,0.019813898148478743,0.001451057881194808,,0.019813898148478743
79,ca_road_cell_lat,ca_road_cell_lat,land_use_context,0.019735955955247002,,0.019735955955247002,0.019735955955247002,-0.003850275475646482,79.0,79,0,0.019735955955247002,0.0011335230966556644,,0.019735955955247002
80,src_merra_aer_BCEXTTAU_wmean_1000km,src_merra_aer_BCEXTTAU_wmean_1000km,merra2_aerosol,0.01955410541749865,,0.01955410541749865,0.01955410541749865,0.0022778963446648194,80.0,80,0,0.01955410541749865,0.002590453146729536,,0.01955410541749865
81,src_merra_flx_QLML_wmean_1000km,src_merra_flx_QLML_wmean_1000km,merra2_meteorology,0.019170239053770338,,0.019170239053770338,0.019170239053770338,-0.0012793411545606844,81.0,81,0,0.019170239053770338,0.0013045512537209125,,0.019170239053770338
82,src_merra_flx_QLML_wmean_500km_roll3_mean,src_merra_flx_QLML_wmean_500km,merra2_meteorology,0.01856719346779074,,0.01856719346779074,0.01856719346779074,0.0005599906582892015,82.0,82,0,0.01856719346779074,0.0023828848073497153,,0.01856719346779074
83,src_hms_density_weight_wmean_250km,src_hms_density_weight_wmean_250km,wildfire_smoke,0.01845475112614269,,0.01845475112614269,0.01845475112614269,-0.0012825813083581425,83.0,83,0,0.01845475112614269,0.0014737657499827948,,0.01845475112614269
84,src_merra_slv_V500_wmean_500km,src_merra_slv_V500_wmean_500km,merra2_meteorology,0.01817277091340015,,0.01817277091340015,0.01817277091340015,0.001992275765924694,84.0,84,0,0.01817277091340015,0.001714185910453621,,0.01817277091340015
85,src_viirs_count_1000km_roll7_mean,src_viirs_count_1000km,wildfire_smoke,0.01785347298432392,,0.01785347298432392,0.01785347298432392,-0.013324836612404368,85.0,85,0,0.01785347298432392,0.0036607599162851666,,0.01785347298432392
86,src_merra_aer_SSSMASS25_wmean_500km,src_merra_aer_SSSMASS25_wmean_500km,merra2_aerosol,0.01777195587052201,,0.01777195587052201,0.01777195587052201,0.0019131973114689855,86.0,86,0,0.01777195587052201,0.0012000021304570858,,0.01777195587052201
87,uwnd_10m,uwnd_10m,narr_meteorology,0.01752278656393674,,0.01752278656393674,0.01752278656393674,5.194390867281664e-05,87.0,87,0,0.01752278656393674,0.001674724035582458,,0.01752278656393674
88,src_merra_slv_V500_wmean_250km,src_merra_slv_V500_wmean_250km,merra2_meteorology,0.017420323024122414,,0.017420323024122414,0.017420323024122414,0.001368146447754877,88.0,88,0,0.017420323024122414,0.0022489707523902823,,0.017420323024122414
89,src_merra_slv_U850_wmean_1000km_lag1,src_merra_slv_U850_wmean_1000km,merra2_meteorology,0.016956801115306962,,0.016956801115306962,0.016956801115306962,0.0006369558487699408,89.0,89,0,0.016956801115306962,0.0016015896222320869,,0.016956801115306962
90,src_merra_flx_QLML_wmean_500km_roll7_min,src_merra_flx_QLML_wmean_500km,merra2_meteorology,0.016266565725270247,,0.016266565725270247,0.016266565725270247,0.0014030722186528608,90.0,90,0,0.016266565725270247,0.0015944544155442272,,0.016266565725270247
91,src_merra_aer_SUEXTTAU_wmean_250km,src_merra_aer_SUEXTTAU_wmean_250km,merra2_aerosol,0.01605390784055435,,0.01605390784055435,0.01605390784055435,0.004288772098175229,91.0,91,0,0.01605390784055435,0.0010091131353257646,,0.01605390784055435
92,src_viirs_frp_mw_sum_250km,src_viirs_frp_mw_sum_250km,wildfire_smoke,0.0157075029125427,,0.0157075029125427,0.0157075029125427,-0.0018966866285191524,92.0,92,0,0.0157075029125427,0.0019834776373912795,,0.0157075029125427
93,src_merra_flx_QLML_wmean_250km_roll3_max,src_merra_flx_QLML_wmean_250km,merra2_meteorology,0.015420592916439052,,0.015420592916439052,0.015420592916439052,0.0031819225158196945,93.0,93,0,0.015420592916439052,0.001384973299520519,,0.015420592916439052
94,src_merra_aer_SO4SMASS_wmean_1000km_roll7_max,src_merra_aer_SO4SMASS_wmean_1000km,merra2_aerosol,0.015200353144997807,,0.015200353144997807,0.015200353144997807,0.002952512869740976,94.0,94,0,0.015200353144997807,0.0015514091190897427,,0.015200353144997807
95,src_merra_slv_V250_wmean_1000km_lag1,src_merra_slv_V250_wmean_1000km,merra2_meteorology,0.015186693679076437,,0.015186693679076437,0.015186693679076437,-0.001965586174223238,95.0,95,0,0.015186693679076437,0.0011436520619884346,,0.015186693679076437
96,src_merra_slv_V500_wmean_250km_lag1,src_merra_slv_V500_wmean_250km,merra2_meteorology,0.014794659170915558,,0.014794659170915558,0.014794659170915558,-0.0021607825442610373,96.0,96,0,0.014794659170915558,0.0009995531011485115,,0.014794659170915558
97,src_merra_slv_U2M_wmean_1000km,src_merra_slv_U2M_wmean_1000km,merra2_meteorology,0.014597233029105094,,0.014597233029105094,0.014597233029105094,0.0007628623107324233,97.0,97,0,0.014597233029105094,0.0013391298835166948,,0.014597233029105094
98,src_merra_flx_QLML_wmean_250km_roll7_mean,src_merra_flx_QLML_wmean_250km,merra2_meteorology,0.014527232393895452,,0.014527232393895452,0.014527232393895452,0.002062310680815108,98.0,98,0,0.014527232393895452,0.0014765353181718217,,0.014527232393895452
99,AOD_055_filled_lag1,AOD_055_filled,satellite_aod,0.014160970273440826,,0.014160970273440826,0.014160970273440826,-0.0009213203003674627,99.0,99,0,0.014160970273440826,0.001406634737692856,,0.014160970273440826
100,src_merra_flx_PBLH_wmean_500km_roll7_max,src_merra_flx_PBLH_wmean_500km,merra2_meteorology,0.014139222383103276,,0.014139222383103276,0.014139222383103276,-0.0020959148702243495,100.0,100,0,0.014139222383103276,0.0013929234401795115,,0.014139222383103276
101,src_merra_flx_QLML_wmean_100km,src_merra_flx_QLML_wmean_100km,merra2_meteorology,0.014118507503005025,,0.014118507503005025,0.014118507503005025,-0.0037434982830447925,101.0,101,0,0.014118507503005025,0.0008980246310766558,,0.014118507503005025
102,src_merra_aer_BCEXTTAU_wmean_250km,src_merra_aer_BCEXTTAU_wmean_250km,merra2_aerosol,0.014064881819558558,,0.014064881819558558,0.014064881819558558,-0.002211813524335009,102.0,102,0,0.014064881819558558,0.0012188447139431082,,0.014064881819558558
103,src_merra_slv_V500_wmean_1000km,src_merra_slv_V500_wmean_1000km,merra2_meteorology,0.013952670704357123,,0.013952670704357123,0.013952670704357123,-0.0015357211532580043,103.0,103,0,0.013952670704357123,0.0014362629925947137,,0.013952670704357123
104,src_merra_slv_U250_wmean_500km_roll7_max,src_merra_slv_U250_wmean_500km,merra2_meteorology,0.013671271946787019,,0.013671271946787019,0.013671271946787019,-0.01035978418034983,104.0,104,0,0.013671271946787019,0.004550335442008558,,0.013671271946787019
105,src_merra_flx_QLML_wmean_250km_lag1,src_merra_flx_QLML_wmean_250km,merra2_meteorology,0.013584799843776961,,0.013584799843776961,0.013584799843776961,0.002539153391961526,105.0,105,0,0.013584799843776961,0.00107912353942008,,0.013584799843776961
106,src_viirs_count_1000km_roll3_max,src_viirs_count_1000km,wildfire_smoke,0.013483347054018158,,0.013483347054018158,0.013483347054018158,-0.005358861631903866,106.0,106,0,0.013483347054018158,0.006408321154399272,,0.013483347054018158
107,src_merra_slv_V500_wmean_1000km_lag1,src_merra_slv_V500_wmean_1000km,merra2_meteorology,0.013423348406851101,,0.013423348406851101,0.013423348406851101,-0.00014025482529446135,107.0,107,0,0.013423348406851101,0.0007389605555486003,,0.013423348406851101
108,src_merra_slv_V850_wmean_500km,src_merra_slv_V850_wmean_500km,merra2_meteorology,0.013384499031667992,,0.013384499031667992,0.013384499031667992,0.001487321421261229,108.0,108,0,0.013384499031667992,0.0009131631498395073,,0.013384499031667992
109,src_merra_aer_DUSMASS25_wmean_100km,src_merra_aer_DUSMASS25_wmean_100km,merra2_aerosol,0.013323919238038918,,0.013323919238038918,0.013323919238038918,-0.0031985038327525307,109.0,109,0,0.013323919238038918,0.0006164576021929655,,0.013323919238038918
110,src_merra_flx_TLML_wmean_1000km,src_merra_flx_TLML_wmean_1000km,merra2_meteorology,0.013235033646595774,,0.013235033646595774,0.013235033646595774,-0.004277706008247998,110.0,110,0,0.013235033646595774,0.001005873679814041,,0.013235033646595774
111,evap,evap,narr_meteorology,0.013180810523059956,,0.013180810523059956,0.013180810523059956,-0.00013752256434185702,111.0,111,0,0.013180810523059956,0.001237931981627236,,0.013180810523059956
112,src_merra_aer_OCSMASS_wmean_1000km_roll7_mean,src_merra_aer_OCSMASS_wmean_1000km,merra2_aerosol,0.013147797609779278,,0.013147797609779278,0.013147797609779278,-0.011142401882718572,112.0,112,0,0.013147797609779278,0.005051698920812136,,0.013147797609779278
113,src_merra_flx_QLML_wmean_1000km_roll7_min,src_merra_flx_QLML_wmean_1000km,merra2_meteorology,0.0129766106779935,,0.0129766106779935,0.0129766106779935,0.00225314706782932,113.0,113,0,0.0129766106779935,0.002046868994720046,,0.0129766106779935
114,src_viirs_dist_nearest_500km_roll7_min,src_viirs_dist_nearest_500km,wildfire_smoke,0.012778476353613243,,0.012778476353613243,0.012778476353613243,-0.0020870913922146368,114.0,114,0,0.012778476353613243,0.0012614679679054219,,0.012778476353613243
115,src_viirs_count_1000km,src_viirs_count_1000km,wildfire_smoke,0.01263700059645437,,0.01263700059645437,0.01263700059645437,-0.0022776139300859826,115.0,115,0,0.01263700059645437,0.0031591566480598664,,0.01263700059645437
116,src_merra_slv_V250_wmean_500km_lag1,src_merra_slv_V250_wmean_500km,merra2_meteorology,0.01262137729890978,,0.01262137729890978,0.01262137729890978,-0.0003080525585228116,116.0,116,0,0.01262137729890978,0.0010809894500019373,,0.01262137729890978
117,src_merra_flx_QLML_wmean_500km,src_merra_flx_QLML_wmean_500km,merra2_meteorology,0.012619079258190278,,0.012619079258190278,0.012619079258190278,-0.0021267864429991216,117.0,117,0,0.012619079258190278,0.0007123238864201486,,0.012619079258190278
118,src_merra_aer_OCSMASS_wmean_1000km_lag1,src_merra_aer_OCSMASS_wmean_1000km,merra2_aerosol,0.012301130290105622,,0.012301130290105622,0.012301130290105622,3.293549856109047e-06,118.0,118,0,0.012301130290105622,0.0009337495214812834,,0.012301130290105622
119,src_merra_aer_OCSMASS_wmean_1000km,src_merra_aer_OCSMASS_wmean_1000km,merra2_aerosol,0.01221879254764725,,0.01221879254764725,0.01221879254764725,-0.004407694003850817,119.0,119,0,0.01221879254764725,0.0014297791104442201,,0.01221879254764725
120,src_merra_aer_SO4SMASS_wmean_100km,src_merra_aer_SO4SMASS_wmean_100km,merra2_aerosol,0.012204525187391912,,0.012204525187391912,0.012204525187391912,-0.005024987823972908,120.0,120,0,0.012204525187391912,0.0007674150212203413,,0.012204525187391912
121,src_merra_slv_U2M_wmean_100km,src_merra_slv_U2M_wmean_100km,merra2_meteorology,0.01209554645771597,,0.01209554645771597,0.01209554645771597,-0.0018096713352461118,121.0,121,0,0.01209554645771597,0.0017990299913843769,,0.01209554645771597
122,src_merra_slv_U850_wmean_250km,src_merra_slv_U850_wmean_250km,merra2_meteorology,0.012025023663622476,,0.012025023663622476,0.012025023663622476,-0.00017223217574778406,122.0,122,0,0.012025023663622476,0.0008246045360475871,,0.012025023663622476
123,src_merra_slv_U250_wmean_250km_roll7_max,src_merra_slv_U250_wmean_250km,merra2_meteorology,0.011795467900254424,,0.011795467900254424,0.011795467900254424,-0.008074624251011079,123.0,123,0,0.011795467900254424,0.003325594452106589,,0.011795467900254424
124,src_merra_flx_QLML_wmean_250km_roll7_min,src_merra_flx_QLML_wmean_250km,merra2_meteorology,0.011603909607168983,,0.011603909607168983,0.011603909607168983,0.002593638588387984,124.0,124,0,0.011603909607168983,0.0005844798119168612,,0.011603909607168983
125,src_merra_slv_U850_wmean_500km,src_merra_slv_U850_wmean_500km,merra2_meteorology,0.011600889307359865,,0.011600889307359865,0.011600889307359865,-0.001505330591693989,125.0,125,0,0.011600889307359865,0.0008132287707626647,,0.011600889307359865
126,src_merra_aer_DUSMASS25_wmean_250km_lag1,src_merra_aer_DUSMASS25_wmean_250km,merra2_aerosol,0.011539295874477133,,0.011539295874477133,0.011539295874477133,0.0017273910104920935,126.0,126,0,0.011539295874477133,0.0010885039846473443,,0.011539295874477133
127,src_merra_aer_SUEXTTAU_wmean_1000km_roll7_max,src_merra_aer_SUEXTTAU_wmean_1000km,merra2_aerosol,0.0114899970693231,,0.0114899970693231,0.0114899970693231,-0.0007369581390531207,127.0,127,0,0.0114899970693231,0.0010913489499608368,,0.0114899970693231
128,src_merra_flx_QLML_wmean_1000km_roll7_max,src_merra_flx_QLML_wmean_1000km,merra2_meteorology,0.01130957396185943,,0.01130957396185943,0.01130957396185943,-0.0009232030525724583,128.0,128,0,0.01130957396185943,0.0014618222160684147,,0.01130957396185943
129,src_merra_slv_V850_wmean_250km,src_merra_slv_V850_wmean_250km,merra2_meteorology,0.011234730493080472,,0.011234730493080472,0.011234730493080472,0.0011540661665153304,129.0,129,0,0.011234730493080472,0.0010084426490402608,,0.011234730493080472
130,src_merra_flx_QLML_wmean_250km_roll7_max,src_merra_flx_QLML_wmean_250km,merra2_meteorology,0.011204232763628082,,0.011204232763628082,0.011204232763628082,0.0005978617823472607,130.0,130,0,0.011204232763628082,0.0010650751188443532,,0.011204232763628082
131,src_merra_slv_U250_wmean_500km_roll7_mean,src_merra_slv_U250_wmean_500km,merra2_meteorology,0.011107492499445058,,0.011107492499445058,0.011107492499445058,-0.0036971064657108635,131.0,131,0,0.011107492499445058,0.002305636680639409,,0.011107492499445058
132,src_merra_flx_QLML_wmean_250km_roll3_mean,src_merra_flx_QLML_wmean_250km,merra2_meteorology,0.010947094977141738,,0.010947094977141738,0.010947094977141738,0.0016431373278077061,132.0,132,0,0.010947094977141738,0.0010343770700594866,,0.010947094977141738
133,src_merra_slv_V850_wmean_250km_lag1,src_merra_slv_V850_wmean_250km,merra2_meteorology,0.01073988230625225,,0.01073988230625225,0.01073988230625225,0.00011028121448814987,133.0,133,0,0.01073988230625225,0.0007357676390506015,,0.01073988230625225
134,src_viirs_dist_nearest_100km_roll7_min,src_viirs_dist_nearest_100km,wildfire_smoke,0.010722862655891757,,0.010722862655891757,0.010722862655891757,-0.0009806378179681007,134.0,134,0,0.010722862655891757,0.0008755388453556737,,0.010722862655891757
135,src_viirs_count_1000km_lag1,src_viirs_count_1000km,wildfire_smoke,0.01053477800190659,,0.01053477800190659,0.01053477800190659,-0.005122279080643696,135.0,135,0,0.01053477800190659,0.005011253213296104,,0.01053477800190659
136,AOD_055,AOD_055,satellite_aod,0.010370683256816926,,0.010370683256816926,0.010370683256816926,-0.002687261531926986,136.0,136,0,0.010370683256816926,0.0008242373514612442,,0.010370683256816926
137,src_merra_aer_DUSMASS25_wmean_1000km_roll7_min,src_merra_aer_DUSMASS25_wmean_1000km,merra2_aerosol,0.010307061388617221,,0.010307061388617221,0.010307061388617221,-0.004489640376965801,137.0,137,0,0.010307061388617221,0.0008772627244607562,,0.010307061388617221
138,src_merra_slv_U250_wmean_1000km_roll7_max,src_merra_slv_U250_wmean_1000km,merra2_meteorology,0.010254382759085846,,0.010254382759085846,0.010254382759085846,-0.0004368496584946044,138.0,138,0,0.010254382759085846,0.000689241280889954,,0.010254382759085846
139,src_viirs_dist_nearest_250km_lag1,src_viirs_dist_nearest_250km,wildfire_smoke,0.010150710738235768,,0.010150710738235768,0.010150710738235768,0.0004984181228825819,139.0,139,0,0.010150710738235768,0.0008224762680591663,,0.010150710738235768
140,src_viirs_dist_nearest_1000km_roll3_min,src_viirs_dist_nearest_1000km,wildfire_smoke,0.010138994890866244,,0.010138994890866244,0.010138994890866244,-0.0007272831110970822,140.0,140,0,0.010138994890866244,0.0012302609515653753,,0.010138994890866244
141,src_merra_flx_QLML_wmean_1000km_roll3_min,src_merra_flx_QLML_wmean_1000km,merra2_meteorology,0.010131300136993659,,0.010131300136993659,0.010131300136993659,-0.001176530800540868,141.0,141,0,0.010131300136993659,0.0010901063062156962,,0.010131300136993659
142,src_viirs_dist_nearest_500km_roll3_max,src_viirs_dist_nearest_500km,wildfire_smoke,0.009872825267928003,,0.009872825267928003,0.009872825267928003,0.0019164105838849633,142.0,142,0,0.009872825267928003,0.0010212363941624282,,0.009872825267928003
143,src_merra_aer_OCSMASS_wmean_100km,src_merra_aer_OCSMASS_wmean_100km,merra2_aerosol,0.00985675708925876,,0.00985675708925876,0.00985675708925876,-0.00355603761902252,143.0,143,0,0.00985675708925876,0.0014513713230374068,,0.00985675708925876
144,src_merra_aer_SUEXTTAU_wmean_250km_roll3_mean,src_merra_aer_SUEXTTAU_wmean_250km,merra2_aerosol,0.009783060116444652,,0.009783060116444652,0.009783060116444652,-0.005762871913856729,144.0,144,0,0.009783060116444652,0.0011943823062947148,,0.009783060116444652
145,src_viirs_count_1000km_roll3_mean,src_viirs_count_1000km,wildfire_smoke,0.009774796946426717,,0.009774796946426717,0.009774796946426717,-0.003699472711652937,145.0,145,0,0.009774796946426717,0.0025019540873713105,,0.009774796946426717
146,src_merra_slv_U850_wmean_500km_lag1,src_merra_slv_U850_wmean_500km,merra2_meteorology,0.009725829623196987,,0.009725829623196987,0.009725829623196987,0.002661963566442936,146.0,146,0,0.009725829623196987,0.0015590664955663974,,0.009725829623196987
147,src_hms_density_weight_wmean_1000km,src_hms_density_weight_wmean_1000km,wildfire_smoke,0.009720621919107815,,0.009720621919107815,0.009720621919107815,-0.00571289262742302,147.0,147,0,0.009720621919107815,0.0013550316235570478,,0.009720621919107815
148,src_viirs_dist_nearest_250km_roll7_min,src_viirs_dist_nearest_250km,wildfire_smoke,0.009672157744495733,,0.009672157744495733,0.009672157744495733,-0.0010069617130811363,148.0,148,0,0.009672157744495733,0.0008483458459818532,,0.009672157744495733
149,src_merra_flx_PBLH_wmean_500km_roll7_mean,src_merra_flx_PBLH_wmean_500km,merra2_meteorology,0.009510214029402934,,0.009510214029402934,0.009510214029402934,0.0007501038688746868,149.0,149,0,0.009510214029402934,0.0007205338184658137,,0.009510214029402934
150,src_merra_slv_V500_wmean_500km_roll7_max,src_merra_slv_V500_wmean_500km,merra2_meteorology,0.009495941752606386,,0.009495941752606386,0.009495941752606386,-0.00215573049889871,150.0,150,0,0.009495941752606386,0.0006900488200580332,,0.009495941752606386
151,src_merra_slv_U850_wmean_1000km_roll3_mean,src_merra_slv_U850_wmean_1000km,merra2_meteorology,0.009458364464949832,,0.009458364464949832,0.009458364464949832,0.001313155705029435,151.0,151,0,0.009458364464949832,0.0007456582315515806,,0.009458364464949832
152,src_merra_slv_V500_wmean_250km_roll7_max,src_merra_slv_V500_wmean_250km,merra2_meteorology,0.009439406007637048,,0.009439406007637048,0.009439406007637048,0.003509672217942461,152.0,152,0,0.009439406007637048,0.0009975876316907937,,0.009439406007637048
153,src_merra_flx_PBLH_wmean_1000km_roll7_mean,src_merra_flx_PBLH_wmean_1000km,merra2_meteorology,0.009345929335974824,,0.009345929335974824,0.009345929335974824,-0.002009535607375121,153.0,153,0,0.009345929335974824,0.000652097575310384,,0.009345929335974824
154,src_viirs_dist_nearest_500km_roll7_max,src_viirs_dist_nearest_500km,wildfire_smoke,0.009262428985576507,,0.009262428985576507,0.009262428985576507,0.00231289118660559,154.0,154,0,0.009262428985576507,0.0007488866740790349,,0.009262428985576507
155,src_viirs_dist_nearest_1000km_roll7_min,src_viirs_dist_nearest_1000km,wildfire_smoke,0.00926086922652578,,0.00926086922652578,0.00926086922652578,-0.0011157504931282004,155.0,155,0,0.00926086922652578,0.0012297152201329678,,0.00926086922652578
156,src_merra_aer_BCEXTTAU_wmean_1000km_roll7_mean,src_merra_aer_BCEXTTAU_wmean_1000km,merra2_aerosol,0.009230283290313952,,0.009230283290313952,0.009230283290313952,0.0006948397419026381,156.0,156,0,0.009230283290313952,0.0006066885874764835,,0.009230283290313952
157,src_merra_slv_V250_wmean_1000km_roll3_max,src_merra_slv_V250_wmean_1000km,merra2_meteorology,0.009220257936269852,,0.009220257936269852,0.009220257936269852,-0.0024259417465745206,157.0,157,0,0.009220257936269852,0.0007552275059422062,,0.009220257936269852
158,src_merra_aer_BCSMASS_wmean_1000km_roll7_max,src_merra_aer_BCSMASS_wmean_1000km,merra2_aerosol,0.009134559665498391,,0.009134559665498391,0.009134559665498391,-0.0007638938977050549,158.0,158,0,0.009134559665498391,0.0006594625083840994,,0.009134559665498391
159,src_merra_aer_SUEXTTAU_wmean_1000km,src_merra_aer_SUEXTTAU_wmean_1000km,merra2_aerosol,0.009005977210112107,,0.009005977210112107,0.009005977210112107,-0.00015816687958287358,159.0,159,0,0.009005977210112107,0.0006393518076256977,,0.009005977210112107
160,src_viirs_dist_nearest_250km_roll7_max,src_viirs_dist_nearest_250km,wildfire_smoke,0.008773851659476114,,0.008773851659476114,0.008773851659476114,0.0005235420220001322,160.0,160,0,0.008773851659476114,0.002798545926660665,,0.008773851659476114
161,src_viirs_count_250km_roll7_mean,src_viirs_count_250km,wildfire_smoke,0.00876559545777223,,0.00876559545777223,0.00876559545777223,0.0038204099623334836,161.0,161,0,0.00876559545777223,0.0031178585956344877,,0.00876559545777223
162,AOD_055_filled_roll3_mean,AOD_055_filled,satellite_aod,0.008763321782570478,,0.008763321782570478,0.008763321782570478,-0.0008513405697834675,162.0,162,0,0.008763321782570478,0.0013362825692433853,,0.008763321782570478
163,src_merra_aer_TOTEXTTAU_wmean_250km,src_merra_aer_TOTEXTTAU_wmean_250km,merra2_aerosol,0.008652745314477937,,0.008652745314477937,0.008652745314477937,0.0010261188587691867,163.0,163,0,0.008652745314477937,0.0006227692076995779,,0.008652745314477937
164,src_merra_slv_V250_wmean_250km_roll3_max,src_merra_slv_V250_wmean_250km,merra2_meteorology,0.00861136034839631,,0.00861136034839631,0.00861136034839631,-0.0013805250478072767,164.0,164,0,0.00861136034839631,0.0006640597242535234,,0.00861136034839631
165,src_viirs_count_250km,src_viirs_count_250km,wildfire_smoke,0.008583916103020946,,0.008583916103020946,0.008583916103020946,-0.0007006555081102047,165.0,165,0,0.008583916103020946,0.0010111277358617475,,0.008583916103020946
166,src_merra_aer_BCSMASS_wmean_250km_lag1,src_merra_aer_BCSMASS_wmean_250km,merra2_aerosol,0.00853451300653428,,0.00853451300653428,0.00853451300653428,-0.003162782048914007,166.0,166,0,0.00853451300653428,0.0006437128896380003,,0.00853451300653428
167,src_merra_aer_DUSMASS25_wmean_1000km_roll7_max,src_merra_aer_DUSMASS25_wmean_1000km,merra2_aerosol,0.008500150159860217,,0.008500150159860217,0.008500150159860217,-0.0016174158685308105,167.0,167,0,0.008500150159860217,0.0007062837128123464,,0.008500150159860217
168,src_merra_aer_TOTEXTTAU_wmean_1000km,src_merra_aer_TOTEXTTAU_wmean_1000km,merra2_aerosol,0.008442000466973302,,0.008442000466973302,0.008442000466973302,-3.959254703390908e-05,168.0,168,0,0.008442000466973302,0.0006989600286906239,,0.008442000466973302
169,src_merra_flx_TLML_wmean_500km_roll7_max,src_merra_flx_TLML_wmean_500km,merra2_meteorology,0.008411036844318799,,0.008411036844318799,0.008411036844318799,0.0007611069850303738,169.0,169,0,0.008411036844318799,0.0012133851591340757,,0.008411036844318799
170,src_merra_flx_PBLH_wmean_1000km_roll7_min,src_merra_flx_PBLH_wmean_1000km,merra2_meteorology,0.008405611921181982,,0.008405611921181982,0.008405611921181982,0.0015871138054524665,170.0,170,0,0.008405611921181982,0.0025683372869211496,,0.008405611921181982
171,src_viirs_count_250km_roll3_max,src_viirs_count_250km,wildfire_smoke,0.008372971051351319,,0.008372971051351319,0.008372971051351319,-4.223574308047154e-05,171.0,171,0,0.008372971051351319,0.0006685802822266879,,0.008372971051351319
172,src_merra_flx_QLML_wmean_500km_roll7_max,src_merra_flx_QLML_wmean_500km,merra2_meteorology,0.008317760627641344,,0.008317760627641344,0.008317760627641344,0.001505956873892526,172.0,172,0,0.008317760627641344,0.0010251197166295575,,0.008317760627641344
173,src_merra_slv_U850_wmean_1000km_roll3_min,src_merra_slv_U850_wmean_1000km,merra2_meteorology,0.008274057905965667,,0.008274057905965667,0.008274057905965667,0.002986211560150276,173.0,173,0,0.008274057905965667,0.0008074572864300047,,0.008274057905965667
174,src_merra_slv_U250_wmean_1000km_roll3_max,src_merra_slv_U250_wmean_1000km,merra2_meteorology,0.008270666903306544,,0.008270666903306544,0.008270666903306544,0.002873530441863659,174.0,174,0,0.008270666903306544,0.0008220931306730016,,0.008270666903306544
175,src_merra_aer_BCSMASS_wmean_1000km_lag1,src_merra_aer_BCSMASS_wmean_1000km,merra2_aerosol,0.008261059521789606,,0.008261059521789606,0.008261059521789606,-0.00330637680053509,175.0,175,0,0.008261059521789606,0.0007325807158831302,,0.008261059521789606
176,src_merra_flx_SPEED_wmean_100km_lag1,src_merra_flx_SPEED_wmean_100km,merra2_meteorology,0.008214608320749264,,0.008214608320749264,0.008214608320749264,-0.002068691083890268,176.0,176,0,0.008214608320749264,0.0006367884720263685,,0.008214608320749264
177,src_merra_aer_SUEXTTAU_wmean_500km,src_merra_aer_SUEXTTAU_wmean_500km,merra2_aerosol,0.008107556121027275,,0.008107556121027275,0.008107556121027275,0.00132452332990173,177.0,177,0,0.008107556121027275,0.0007215301877950661,,0.008107556121027275
178,src_merra_slv_V250_wmean_1000km_roll7_min,src_merra_slv_V250_wmean_1000km,merra2_meteorology,0.007999047670830688,,0.007999047670830688,0.007999047670830688,0.0008340757042295113,178.0,178,0,0.007999047670830688,0.0016425401476751777,,0.007999047670830688
179,src_viirs_count_500km,src_viirs_count_500km,wildfire_smoke,0.007985628265477794,,0.007985628265477794,0.007985628265477794,-0.0065538030036466416,179.0,179,0,0.007985628265477794,0.001372015055312553,,0.007985628265477794
180,src_merra_slv_U850_wmean_250km_lag1,src_merra_slv_U850_wmean_250km,merra2_meteorology,0.007922832663150966,,0.007922832663150966,0.007922832663150966,0.0003938580294547483,180.0,180,0,0.007922832663150966,0.0009481825530307014,,0.007922832663150966
181,src_merra_slv_V850_wmean_1000km_roll7_mean,src_merra_slv_V850_wmean_1000km,merra2_meteorology,0.007915415380187828,,0.007915415380187828,0.007915415380187828,-0.00127395897101071,181.0,181,0,0.007915415380187828,0.0006826186834788875,,0.007915415380187828
182,src_viirs_count_100km_roll7_max,src_viirs_count_100km,wildfire_smoke,0.007847122321319278,,0.007847122321319278,0.007847122321319278,-0.0008816329783854584,182.0,182,0,0.007847122321319278,0.0010955564569413486,,0.007847122321319278
183,src_merra_aer_BCEXTTAU_wmean_250km_roll7_mean,src_merra_aer_BCEXTTAU_wmean_250km,merra2_aerosol,0.007839668405284052,,0.007839668405284052,0.007839668405284052,-9.563564608072446e-06,183.0,183,0,0.007839668405284052,0.0005600600424166566,,0.007839668405284052
184,src_viirs_count_500km_roll7_mean,src_viirs_count_500km,wildfire_smoke,0.007740228407890256,,0.007740228407890256,0.007740228407890256,-0.001443385521451437,184.0,184,0,0.007740228407890256,0.0007970597452003992,,0.007740228407890256
185,src_merra_slv_V500_wmean_100km_lag1,src_merra_slv_V500_wmean_100km,merra2_meteorology,0.007724748401345053,,0.007724748401345053,0.007724748401345053,-0.002001919233641319,185.0,185,0,0.007724748401345053,0.0007455435616022248,,0.007724748401345053
186,src_merra_aer_TOTEXTTAU_wmean_500km,src_merra_aer_TOTEXTTAU_wmean_500km,merra2_aerosol,0.007673553713963637,,0.007673553713963637,0.007673553713963637,0.0013858154045274967,186.0,186,0,0.007673553713963637,0.0010481501650471074,,0.007673553713963637
187,src_merra_aer_BCSMASS_wmean_500km_lag1,src_merra_aer_BCSMASS_wmean_500km,merra2_aerosol,0.0076469122116718325,,0.0076469122116718325,0.0076469122116718325,-0.0012433087551759966,187.0,187,0,0.0076469122116718325,0.0006182956118212214,,0.0076469122116718325
188,src_merra_flx_PBLH_wmean_1000km_roll7_max,src_merra_flx_PBLH_wmean_1000km,merra2_meteorology,0.00763887745556383,,0.00763887745556383,0.00763887745556383,-0.0010461134303834567,188.0,188,0,0.00763887745556383,0.0007788030460504374,,0.00763887745556383
189,src_merra_slv_U250_wmean_1000km_roll7_min,src_merra_slv_U250_wmean_1000km,merra2_meteorology,0.007621415176127807,,0.007621415176127807,0.007621415176127807,-0.0035323305907283484,189.0,189,0,0.007621415176127807,0.0009927630144853966,,0.007621415176127807
190,src_merra_flx_TLML_wmean_1000km_roll7_mean,src_merra_flx_TLML_wmean_1000km,merra2_meteorology,0.007615198218588772,,0.007615198218588772,0.007615198218588772,0.0036222718515820196,190.0,190,0,0.007615198218588772,0.0008163925039888219,,0.007615198218588772
191,src_merra_slv_U500_wmean_250km,src_merra_slv_U500_wmean_250km,merra2_meteorology,0.007610595499439522,,0.007610595499439522,0.007610595499439522,0.0009077419221778845,191.0,191,0,0.007610595499439522,0.00039758280487250285,,0.007610595499439522
192,src_merra_flx_PBLH_wmean_250km_roll7_max,src_merra_flx_PBLH_wmean_250km,merra2_meteorology,0.007578561340419161,,0.007578561340419161,0.007578561340419161,8.126958843445372e-05,192.0,192,0,0.007578561340419161,0.0012473603920583464,,0.007578561340419161
193,src_merra_flx_PBLH_wmean_1000km,src_merra_flx_PBLH_wmean_1000km,merra2_meteorology,0.0075225522568025775,,0.0075225522568025775,0.0075225522568025775,-0.0029503851008953275,193.0,193,0,0.0075225522568025775,0.0009177524241927387,,0.0075225522568025775
194,src_merra_aer_BCEXTTAU_wmean_500km_roll7_mean,src_merra_aer_BCEXTTAU_wmean_500km,merra2_aerosol,0.007443711734875661,,0.007443711734875661,0.007443711734875661,0.0007479335757843896,194.0,194,0,0.007443711734875661,0.0005892617543277111,,0.007443711734875661
195,src_merra_aer_BCSMASS_wmean_250km_roll7_mean,src_merra_aer_BCSMASS_wmean_250km,merra2_aerosol,0.0074222673088985445,,0.0074222673088985445,0.0074222673088985445,0.00034915242354239954,195.0,195,0,0.0074222673088985445,0.000633228287904201,,0.0074222673088985445
196,src_merra_slv_V850_wmean_250km_roll7_min,src_merra_slv_V850_wmean_250km,merra2_meteorology,0.007415209430037435,,0.007415209430037435,0.007415209430037435,-0.0019082153369992584,196.0,196,0,0.007415209430037435,0.0011184840074372918,,0.007415209430037435
197,src_merra_slv_U500_wmean_1000km_roll7_max,src_merra_slv_U500_wmean_1000km,merra2_meteorology,0.007380546624261608,,0.007380546624261608,0.007380546624261608,-0.0008622867448776471,197.0,197,0,0.007380546624261608,0.0010890063243193463,,0.007380546624261608
198,AOD_055_filled_roll7_min,AOD_055_filled,satellite_aod,0.007374924724916596,,0.007374924724916596,0.007374924724916596,-0.002136694151360674,198.0,198,0,0.007374924724916596,0.0007577518730322814,,0.007374924724916596
199,src_merra_flx_TLML_wmean_250km_roll7_min,src_merra_flx_TLML_wmean_250km,merra2_meteorology,0.007371530512110796,,0.007371530512110796,0.007371530512110796,0.002275517502541728,199.0,199,0,0.007371530512110796,0.000382643070213493,,0.007371530512110796
200,src_merra_slv_V850_wmean_100km,src_merra_slv_V850_wmean_100km,merra2_meteorology,0.007266557195759983,,0.007266557195759983,0.007266557195759983,0.00046001035841194526,200.0,200,0,0.007266557195759983,0.0005262281979239601,,0.007266557195759983
201,src_merra_aer_BCEXTTAU_wmean_250km_lag1,src_merra_aer_BCEXTTAU_wmean_250km,merra2_aerosol,0.007199714768745214,,0.007199714768745214,0.007199714768745214,-0.0013110375002652762,201.0,201,0,0.007199714768745214,0.0004543298898670938,,0.007199714768745214
202,src_merra_flx_PBLH_wmean_250km_roll7_min,src_merra_flx_PBLH_wmean_250km,merra2_meteorology,0.007178856274726609,,0.007178856274726609,0.007178856274726609,0.0023706107899643227,202.0,202,0,0.007178856274726609,0.0006659370894325782,,0.007178856274726609
203,src_merra_flx_PBLH_wmean_500km_lag1,src_merra_flx_PBLH_wmean_500km,merra2_meteorology,0.007171598119825955,,0.007171598119825955,0.007171598119825955,0.0006592754587604771,203.0,203,0,0.007171598119825955,0.0006465847788209527,,0.007171598119825955
204,AOD_055_filled_roll7_mean,AOD_055_filled,satellite_aod,0.007152173850748711,,0.007152173850748711,0.007152173850748711,0.0014445071661943882,204.0,204,0,0.007152173850748711,0.0004852478225338065,,0.007152173850748711
205,ca_lc_lc_majority_class,ca_lc_lc_majority_class,land_use_context,0.007132343759818816,,0.007132343759818816,0.007132343759818816,-0.0021347790042648457,205.0,205,0,0.007132343759818816,0.0006843059042360711,,0.007132343759818816
206,src_merra_aer_BCEXTTAU_wmean_500km,src_merra_aer_BCEXTTAU_wmean_500km,merra2_aerosol,0.007130279373438269,,0.007130279373438269,0.007130279373438269,0.0013049760565750467,206.0,206,0,0.007130279373438269,0.0010373284199646795,,0.007130279373438269
207,src_merra_slv_V500_wmean_100km,src_merra_slv_V500_wmean_100km,merra2_meteorology,0.007066778977399203,,0.007066778977399203,0.007066778977399203,-0.0009743699061846965,207.0,207,0,0.007066778977399203,0.000738955009719538,,0.007066778977399203
208,src_merra_flx_PBLH_wmean_100km,src_merra_flx_PBLH_wmean_100km,merra2_meteorology,0.007054606525609781,,0.007054606525609781,0.007054606525609781,-0.0025386991732779035,208.0,208,0,0.007054606525609781,0.0023308025853534843,,0.007054606525609781
209,src_merra_slv_V250_wmean_250km_lag1,src_merra_slv_V250_wmean_250km,merra2_meteorology,0.006977072014005734,,0.006977072014005734,0.006977072014005734,-0.0006672910649740058,209.0,209,0,0.006977072014005734,0.0008627083840150264,,0.006977072014005734
210,src_merra_slv_V250_wmean_100km,src_merra_slv_V250_wmean_100km,merra2_meteorology,0.006950050215299332,,0.006950050215299332,0.006950050215299332,0.0008669170454292822,210.0,210,0,0.006950050215299332,0.0010800140133764877,,0.006950050215299332
211,src_viirs_count_500km_roll3_mean,src_viirs_count_500km,wildfire_smoke,0.006874837652392555,,0.006874837652392555,0.006874837652392555,-0.0036085487090784223,211.0,211,0,0.006874837652392555,0.001780733139839002,,0.006874837652392555
212,src_merra_flx_TLML_wmean_1000km_roll7_max,src_merra_flx_TLML_wmean_1000km,merra2_meteorology,0.00682876799248509,,0.00682876799248509,0.00682876799248509,-0.0013442142263276273,212.0,212,0,0.00682876799248509,0.001122962029974307,,0.00682876799248509
213,src_merra_aer_SUEXTTAU_wmean_500km_roll7_max,src_merra_aer_SUEXTTAU_wmean_500km,merra2_aerosol,0.006815914595714552,,0.006815914595714552,0.006815914595714552,0.00034038103982024417,213.0,213,0,0.006815914595714552,0.0005666524733722902,,0.006815914595714552
214,src_viirs_count_500km_roll3_max,src_viirs_count_500km,wildfire_smoke,0.006761395898546139,,0.006761395898546139,0.006761395898546139,0.0006618295762432921,214.0,214,0,0.006761395898546139,0.0006527411477786054,,0.006761395898546139
215,src_merra_slv_U850_wmean_250km_roll7_min,src_merra_slv_U850_wmean_250km,merra2_meteorology,0.006760585895406663,,0.006760585895406663,0.006760585895406663,-0.0018601812897160264,215.0,215,0,0.006760585895406663,0.0005872682363479151,,0.006760585895406663
216,src_merra_aer_SO4SMASS_wmean_250km_roll3_min,src_merra_aer_SO4SMASS_wmean_250km,merra2_aerosol,0.0067261265027972385,,0.0067261265027972385,0.0067261265027972385,-0.0012090314895816382,216.0,216,0,0.0067261265027972385,0.0008998222514761336,,0.0067261265027972385
217,src_merra_slv_V250_wmean_500km_roll3_max,src_merra_slv_V250_wmean_500km,merra2_meteorology,0.006706571224638549,,0.006706571224638549,0.006706571224638549,-0.0014747146511075863,217.0,217,0,0.006706571224638549,0.0005555942482752977,,0.006706571224638549
218,src_merra_flx_PBLH_wmean_100km_roll3_max,src_merra_flx_PBLH_wmean_100km,merra2_meteorology,0.006673488035068882,,0.006673488035068882,0.006673488035068882,0.002371014125506146,218.0,218,0,0.006673488035068882,0.0004589480517343523,,0.006673488035068882
219,src_merra_aer_SSSMASS25_wmean_100km,src_merra_aer_SSSMASS25_wmean_100km,merra2_aerosol,0.006658013596021551,,0.006658013596021551,0.006658013596021551,0.0011574947077171072,219.0,219,0,0.006658013596021551,0.00047352181782848074,,0.006658013596021551
220,src_merra_flx_TLML_wmean_1000km_roll3_max,src_merra_flx_TLML_wmean_1000km,merra2_meteorology,0.006630013521663241,,0.006630013521663241,0.006630013521663241,0.0007921723787597769,220.0,220,0,0.006630013521663241,0.0012378830922134283,,0.006630013521663241
221,src_merra_slv_V850_wmean_500km_roll7_mean,src_merra_slv_V850_wmean_500km,merra2_meteorology,0.00658123208146644,,0.00658123208146644,0.00658123208146644,-0.0023710225772868012,221.0,221,0,0.00658123208146644,0.0011858510207582449,,0.00658123208146644
222,src_merra_slv_V850_wmean_250km_roll7_mean,src_merra_slv_V850_wmean_250km,merra2_meteorology,0.006558258403376248,,0.006558258403376248,0.006558258403376248,-0.001552693629608994,222.0,222,0,0.006558258403376248,0.0006099968436237933,,0.006558258403376248
223,src_merra_slv_V500_wmean_1000km_roll3_max,src_merra_slv_V500_wmean_1000km,merra2_meteorology,0.006543086241840272,,0.006543086241840272,0.006543086241840272,-0.001118117729731404,223.0,223,0,0.006543086241840272,0.0006781654447118823,,0.006543086241840272
224,src_merra_aer_SUEXTTAU_wmean_1000km_lag1,src_merra_aer_SUEXTTAU_wmean_1000km,merra2_aerosol,0.006535019285890944,,0.006535019285890944,0.006535019285890944,-0.000995019533804142,224.0,224,0,0.006535019285890944,0.00038112901127287404,,0.006535019285890944
225,src_merra_slv_V850_wmean_250km_roll3_min,src_merra_slv_V850_wmean_250km,merra2_meteorology,0.006533566829310515,,0.006533566829310515,0.006533566829310515,0.00042823183717001446,225.0,225,0,0.006533566829310515,0.0004040196174794343,,0.006533566829310515
226,src_merra_aer_OCSMASS_wmean_1000km_roll7_max,src_merra_aer_OCSMASS_wmean_1000km,merra2_aerosol,0.006532226294453684,,0.006532226294453684,0.006532226294453684,-0.0014388207927043426,226.0,226,0,0.006532226294453684,0.0005339694750561174,,0.006532226294453684
227,src_merra_aer_BCSMASS_wmean_500km_roll7_max,src_merra_aer_BCSMASS_wmean_500km,merra2_aerosol,0.006526241959948636,,0.006526241959948636,0.006526241959948636,0.0007346286934446764,227.0,227,0,0.006526241959948636,0.0007168137580995678,,0.006526241959948636
228,src_viirs_dist_nearest_250km,src_viirs_dist_nearest_250km,wildfire_smoke,0.006425899523709806,,0.006425899523709806,0.006425899523709806,-1.362566506854639e-05,228.0,228,0,0.006425899523709806,0.0006364934245857482,,0.006425899523709806
229,src_merra_slv_V850_wmean_250km_roll7_max,src_merra_slv_V850_wmean_250km,merra2_meteorology,0.00641355563711523,,0.00641355563711523,0.00641355563711523,-0.0002367883931208531,229.0,229,0,0.00641355563711523,0.000697741987411969,,0.00641355563711523
230,src_merra_aer_SUEXTTAU_wmean_1000km_roll7_mean,src_merra_aer_SUEXTTAU_wmean_1000km,merra2_aerosol,0.006384918972359587,,0.006384918972359587,0.006384918972359587,-0.0008123931150109066,230.0,230,0,0.006384918972359587,0.0005180073150579895,,0.006384918972359587
231,src_merra_slv_V500_wmean_1000km_roll7_min,src_merra_slv_V500_wmean_1000km,merra2_meteorology,0.006340491716131847,,0.006340491716131847,0.006340491716131847,-0.00014602055751618484,231.0,231,0,0.006340491716131847,0.0006378874504438572,,0.006340491716131847
232,src_viirs_count_100km_roll7_mean,src_viirs_count_100km,wildfire_smoke,0.006338005441061652,,0.006338005441061652,0.006338005441061652,0.00036902456035986693,232.0,232,0,0.006338005441061652,0.0004996555118579597,,0.006338005441061652
233,AOD_055_filled_roll3_min,AOD_055_filled,satellite_aod,0.0063165718875972865,,0.0063165718875972865,0.0063165718875972865,0.0018028608426699996,233.0,233,0,0.0063165718875972865,0.00045096351380217406,,0.0063165718875972865
234,src_merra_aer_BCEXTTAU_wmean_100km,src_merra_aer_BCEXTTAU_wmean_100km,merra2_aerosol,0.006313132497639447,,0.006313132497639447,0.006313132497639447,-0.0015346836375215059,234.0,234,0,0.006313132497639447,0.0004903488300907253,,0.006313132497639447
235,src_merra_slv_V850_wmean_250km_roll3_mean,src_merra_slv_V850_wmean_250km,merra2_meteorology,0.0062988762720882045,,0.0062988762720882045,0.0062988762720882045,-0.00025557369250798746,235.0,235,0,0.0062988762720882045,0.0005562136882077351,,0.0062988762720882045
236,src_merra_flx_QLML_wmean_100km_roll3_min,src_merra_flx_QLML_wmean_100km,merra2_meteorology,0.006248589053752015,,0.006248589053752015,0.006248589053752015,0.0002875564216395927,236.0,236,0,0.006248589053752015,0.0005009327038714811,,0.006248589053752015
237,src_merra_slv_U250_wmean_250km,src_merra_slv_U250_wmean_250km,merra2_meteorology,0.006217227615970765,,0.006217227615970765,0.006217227615970765,-0.0006036374430686555,237.0,237,0,0.006217227615970765,0.0005207628078108512,,0.006217227615970765
238,src_viirs_dist_nearest_1000km_roll7_max,src_viirs_dist_nearest_1000km,wildfire_smoke,0.006207211213044413,,0.006207211213044413,0.006207211213044413,-6.561051464466392e-05,238.0,238,0,0.006207211213044413,0.0007272284085612917,,0.006207211213044413
239,src_merra_slv_V850_wmean_100km_lag1,src_merra_slv_V850_wmean_100km,merra2_meteorology,0.006197442483385019,,0.006197442483385019,0.006197442483385019,-0.0025255953606304,239.0,239,0,0.006197442483385019,0.0015167699501662235,,0.006197442483385019
240,src_merra_aer_DUSMASS25_wmean_250km_roll7_max,src_merra_aer_DUSMASS25_wmean_250km,merra2_aerosol,0.006154421164821485,,0.006154421164821485,0.006154421164821485,7.712511598371617e-05,240.0,240,0,0.006154421164821485,0.0006419215012661999,,0.006154421164821485
241,src_merra_aer_BCSMASS_wmean_100km_lag1,src_merra_aer_BCSMASS_wmean_100km,merra2_aerosol,0.006093985297321041,,0.006093985297321041,0.006093985297321041,-0.003408597700611954,241.0,241,0,0.006093985297321041,0.0007053382565874473,,0.006093985297321041
242,src_viirs_count_1000km_roll7_min,src_viirs_count_1000km,wildfire_smoke,0.006066991985759428,,0.006066991985759428,0.006066991985759428,-0.0036512696346491956,242.0,242,0,0.006066991985759428,0.0006360974503427304,,0.006066991985759428
243,src_merra_aer_BCEXTTAU_wmean_250km_roll3_min,src_merra_aer_BCEXTTAU_wmean_250km,merra2_aerosol,0.006047840820632584,,0.006047840820632584,0.006047840820632584,-0.0006420655804095999,243.0,243,0,0.006047840820632584,0.0006184117652722128,,0.006047840820632584
244,src_merra_aer_DUSMASS25_wmean_500km_roll7_max,src_merra_aer_DUSMASS25_wmean_500km,merra2_aerosol,0.0060391597233101744,,0.0060391597233101744,0.0060391597233101744,0.0009669157970590638,244.0,244,0,0.0060391597233101744,0.0005307708411565069,,0.0060391597233101744
245,src_viirs_dist_nearest_100km_roll7_max,src_viirs_dist_nearest_100km,wildfire_smoke,0.005990256388810921,,0.005990256388810921,0.005990256388810921,-0.000899490763474162,245.0,245,0,0.005990256388810921,0.0005517385000701902,,0.005990256388810921
246,src_merra_slv_U500_wmean_500km_roll7_max,src_merra_slv_U500_wmean_500km,merra2_meteorology,0.005957485761292664,,0.005957485761292664,0.005957485761292664,0.0002244213825615124,246.0,246,0,0.005957485761292664,0.0006297596542853151,,0.005957485761292664
247,src_merra_slv_U250_wmean_250km_lag1,src_merra_slv_U250_wmean_250km,merra2_meteorology,0.005911548637328796,,0.005911548637328796,0.005911548637328796,0.0018410693431198592,247.0,247,0,0.005911548637328796,0.0005788186263015763,,0.005911548637328796
248,src_merra_flx_PBLH_wmean_250km_roll7_mean,src_merra_flx_PBLH_wmean_250km,merra2_meteorology,0.005872427305411761,,0.005872427305411761,0.005872427305411761,-0.00023285850577522475,248.0,248,0,0.005872427305411761,0.0005212846607239771,,0.005872427305411761
249,src_viirs_dist_nearest_500km_roll3_min,src_viirs_dist_nearest_500km,wildfire_smoke,0.0058500162939760245,,0.0058500162939760245,0.0058500162939760245,-0.0005289530325347972,249.0,249,0,0.0058500162939760245,0.0006498723775498412,,0.0058500162939760245
250,src_merra_aer_SO4SMASS_wmean_500km_roll7_min,src_merra_aer_SO4SMASS_wmean_500km,merra2_aerosol,0.005809982629536747,,0.005809982629536747,0.005809982629536747,-0.0011076274895942268,250.0,250,0,0.005809982629536747,0.001039883380189827,,0.005809982629536747
251,src_merra_flx_PBLH_wmean_250km,src_merra_flx_PBLH_wmean_250km,merra2_meteorology,0.0057961240477625315,,0.0057961240477625315,0.0057961240477625315,-8.800770239866179e-05,251.0,251,0,0.0057961240477625315,0.00045895901146593567,,0.0057961240477625315
252,src_merra_slv_U250_wmean_500km,src_merra_slv_U250_wmean_500km,merra2_meteorology,0.005787682446347023,,0.005787682446347023,0.005787682446347023,-0.001157167621300733,252.0,252,0,0.005787682446347023,0.00043844474075243597,,0.005787682446347023
253,src_merra_flx_PBLH_wmean_500km,src_merra_flx_PBLH_wmean_500km,merra2_meteorology,0.0057869014741618085,,0.0057869014741618085,0.0057869014741618085,-4.551410463333592e-06,253.0,253,0,0.0057869014741618085,0.0005571439412726444,,0.0057869014741618085
254,src_merra_aer_BCSMASS_wmean_1000km_roll7_mean,src_merra_aer_BCSMASS_wmean_1000km,merra2_aerosol,0.005780936691732938,,0.005780936691732938,0.005780936691732938,-0.004228814214334628,254.0,254,0,0.005780936691732938,0.0021457850159524905,,0.005780936691732938
255,src_merra_slv_U250_wmean_500km_roll3_max,src_merra_slv_U250_wmean_500km,merra2_meteorology,0.005774690551738528,,0.005774690551738528,0.005774690551738528,-0.002746848887462292,255.0,255,0,0.005774690551738528,0.00047821783342771434,,0.005774690551738528
256,src_merra_slv_V500_wmean_1000km_roll7_max,src_merra_slv_V500_wmean_1000km,merra2_meteorology,0.005765265229454033,,0.005765265229454033,0.005765265229454033,-0.0009663588595224265,256.0,256,0,0.005765265229454033,0.000714207244226775,,0.005765265229454033
257,src_merra_slv_U850_wmean_1000km_roll7_mean,src_merra_slv_U850_wmean_1000km,merra2_meteorology,0.0057410570633915315,,0.0057410570633915315,0.0057410570633915315,-0.00248912065245166,257.0,257,0,0.0057410570633915315,0.001014135700061778,,0.0057410570633915315
258,src_merra_aer_SUEXTTAU_wmean_250km_roll7_mean,src_merra_aer_SUEXTTAU_wmean_250km,merra2_aerosol,0.005712546484047996,,0.005712546484047996,0.005712546484047996,0.001006432288475218,258.0,258,0,0.005712546484047996,0.0006007626581116686,,0.005712546484047996
259,src_merra_flx_SPEED_wmean_100km_roll7_max,src_merra_flx_SPEED_wmean_100km,merra2_meteorology,0.0057076486228456605,,0.0057076486228456605,0.0057076486228456605,-0.002805243835017297,259.0,259,0,0.0057076486228456605,0.0015931520487175097,,0.0057076486228456605
260,src_viirs_dist_nearest_1000km,src_viirs_dist_nearest_1000km,wildfire_smoke,0.005683914779242469,,0.005683914779242469,0.005683914779242469,1.807752105456481e-05,260.0,260,0,0.005683914779242469,0.0004991186854597792,,0.005683914779242469
261,src_merra_aer_SO4SMASS_wmean_1000km_lag1,src_merra_aer_SO4SMASS_wmean_1000km,merra2_aerosol,0.00568374763275224,,0.00568374763275224,0.00568374763275224,-0.0001874591620921376,261.0,261,0,0.00568374763275224,0.0006969232804824526,,0.00568374763275224
262,src_merra_flx_PBLH_wmean_1000km_roll3_max,src_merra_flx_PBLH_wmean_1000km,merra2_meteorology,0.005680296027822357,,0.005680296027822357,0.005680296027822357,0.00029664485647917116,262.0,262,0,0.005680296027822357,0.0005840301212061139,,0.005680296027822357
263,src_merra_aer_SUEXTTAU_wmean_500km_roll3_mean,src_merra_aer_SUEXTTAU_wmean_500km,merra2_aerosol,0.005634406678775308,,0.005634406678775308,0.005634406678775308,0.0035098577119217983,263.0,263,0,0.005634406678775308,0.0006905401635986773,,0.005634406678775308
264,src_merra_slv_V500_wmean_500km_roll7_min,src_merra_slv_V500_wmean_500km,merra2_meteorology,0.0056268741980302845,,0.0056268741980302845,0.0056268741980302845,0.0013066420779444575,264.0,264,0,0.0056268741980302845,0.0010754105640736111,,0.0056268741980302845
265,src_merra_slv_U500_wmean_250km_roll7_max,src_merra_slv_U500_wmean_250km,merra2_meteorology,0.005626521973047357,,0.005626521973047357,0.005626521973047357,-0.0017297388060626025,265.0,265,0,0.005626521973047357,0.00069735034013072,,0.005626521973047357
266,src_merra_flx_SPEED_wmean_1000km_roll3_max,src_merra_flx_SPEED_wmean_1000km,merra2_meteorology,0.005607806025676669,,0.005607806025676669,0.005607806025676669,0.0005383117698919598,266.0,266,0,0.005607806025676669,0.0004503149646113522,,0.005607806025676669
267,src_merra_slv_V500_wmean_250km_roll3_max,src_merra_slv_V500_wmean_250km,merra2_meteorology,0.0056048297538685826,,0.0056048297538685826,0.0056048297538685826,0.0003806781190611632,267.0,267,0,0.0056048297538685826,0.0006832642860711613,,0.0056048297538685826
268,src_merra_flx_SPEED_wmean_250km_lag1,src_merra_flx_SPEED_wmean_250km,merra2_meteorology,0.005590654775144055,,0.005590654775144055,0.005590654775144055,0.0008741875649929814,268.0,268,0,0.005590654775144055,0.00048406879053059106,,0.005590654775144055
269,src_merra_flx_QLML_wmean_500km_roll3_min,src_merra_flx_QLML_wmean_500km,merra2_meteorology,0.0055581990718740724,,0.0055581990718740724,0.0055581990718740724,0.0015668757137708939,269.0,269,0,0.0055581990718740724,0.0005943366006761597,,0.0055581990718740724
270,src_merra_aer_DUSMASS25_wmean_100km_roll3_min,src_merra_aer_DUSMASS25_wmean_100km,merra2_aerosol,0.0055499665188059434,,0.0055499665188059434,0.0055499665188059434,0.0012822387064049072,270.0,270,0,0.0055499665188059434,0.002008683133204929,,0.0055499665188059434
271,src_merra_slv_U500_wmean_1000km,src_merra_slv_U500_wmean_1000km,merra2_meteorology,0.005545423408278182,,0.005545423408278182,0.005545423408278182,-0.0007978517398348394,271.0,271,0,0.005545423408278182,0.0005661457437805863,,0.005545423408278182
272,src_merra_slv_V850_wmean_1000km_roll3_mean,src_merra_slv_V850_wmean_1000km,merra2_meteorology,0.005541342230002589,,0.005541342230002589,0.005541342230002589,0.001426201863476298,272.0,272,0,0.005541342230002589,0.00036401431322561966,,0.005541342230002589
273,src_merra_flx_QLML_wmean_100km_roll7_mean,src_merra_flx_QLML_wmean_100km,merra2_meteorology,0.005535018170167793,,0.005535018170167793,0.005535018170167793,0.0020551605755325416,273.0,273,0,0.005535018170167793,0.000716743721884933,,0.005535018170167793
274,src_merra_aer_BCSMASS_wmean_100km_roll7_max,src_merra_aer_BCSMASS_wmean_100km,merra2_aerosol,0.005492010660326421,,0.005492010660326421,0.005492010660326421,-0.0015098315196177736,274.0,274,0,0.005492010660326421,0.0004795675649714298,,0.005492010660326421
275,src_merra_aer_BCEXTTAU_wmean_250km_roll7_min,src_merra_aer_BCEXTTAU_wmean_250km,merra2_aerosol,0.005482443983396243,,0.005482443983396243,0.005482443983396243,-0.0003377222506802405,275.0,275,0,0.005482443983396243,0.00045454679410265517,,0.005482443983396243
276,src_merra_aer_OCSMASS_wmean_500km_roll3_min,src_merra_aer_OCSMASS_wmean_500km,merra2_aerosol,0.005459681792253966,,0.005459681792253966,0.005459681792253966,-0.0012180477356265955,276.0,276,0,0.005459681792253966,0.0005168683378383246,,0.005459681792253966
277,src_merra_aer_BCSMASS_wmean_1000km_roll3_min,src_merra_aer_BCSMASS_wmean_1000km,merra2_aerosol,0.005457581958031469,,0.005457581958031469,0.005457581958031469,-0.00103255221979324,277.0,277,0,0.005457581958031469,0.0003828246243937374,,0.005457581958031469
278,src_merra_aer_SO4SMASS_wmean_250km_lag1,src_merra_aer_SO4SMASS_wmean_250km,merra2_aerosol,0.0054416416866939045,,0.0054416416866939045,0.0054416416866939045,-0.00021001761545443392,278.0,278,0,0.0054416416866939045,0.00043849209312548005,,0.0054416416866939045
279,src_merra_flx_SPEED_wmean_1000km_roll7_max,src_merra_flx_SPEED_wmean_1000km,merra2_meteorology,0.0054368576287966465,,0.0054368576287966465,0.0054368576287966465,-0.00037632103265697087,279.0,279,0,0.0054368576287966465,0.0006985021827716021,,0.0054368576287966465
280,src_merra_aer_DUSMASS25_wmean_250km_roll3_min,src_merra_aer_DUSMASS25_wmean_250km,merra2_aerosol,0.00543240050575978,,0.00543240050575978,0.00543240050575978,-0.0007047712237189509,280.0,280,0,0.00543240050575978,0.0007085778680676227,,0.00543240050575978
281,src_merra_flx_PBLH_wmean_250km_lag1,src_merra_flx_PBLH_wmean_250km,merra2_meteorology,0.005427946433595321,,0.005427946433595321,0.005427946433595321,0.00020704030433766555,281.0,281,0,0.005427946433595321,0.0006095233859435406,,0.005427946433595321
282,src_viirs_count_500km_lag1,src_viirs_count_500km,wildfire_smoke,0.005416208907364917,,0.005416208907364917,0.005416208907364917,6.716314033728252e-05,282.0,282,0,0.005416208907364917,0.000664945839562209,,0.005416208907364917
283,src_merra_slv_U500_wmean_1000km_lag1,src_merra_slv_U500_wmean_1000km,merra2_meteorology,0.005381862442464537,,0.005381862442464537,0.005381862442464537,-0.00014502552292675226,283.0,283,0,0.005381862442464537,0.0006960140171287444,,0.005381862442464537
284,src_merra_aer_SUEXTTAU_wmean_250km_roll7_min,src_merra_aer_SUEXTTAU_wmean_250km,merra2_aerosol,0.005373857516003805,,0.005373857516003805,0.005373857516003805,0.0005482629746955918,284.0,284,0,0.005373857516003805,0.0006290183461978438,,0.005373857516003805
285,src_merra_aer_TOTEXTTAU_wmean_100km,src_merra_aer_TOTEXTTAU_wmean_100km,merra2_aerosol,0.005370352982577896,,0.005370352982577896,0.005370352982577896,3.716003820651497e-05,285.0,285,0,0.005370352982577896,0.0013674865461938642,,0.005370352982577896
286,src_merra_slv_U500_wmean_100km_roll7_max,src_merra_slv_U500_wmean_100km,merra2_meteorology,0.005359314613250785,,0.005359314613250785,0.005359314613250785,-0.00019740560690849717,286.0,286,0,0.005359314613250785,0.0006053486054278864,,0.005359314613250785
287,src_merra_flx_QLML_wmean_100km_roll7_min,src_merra_flx_QLML_wmean_100km,merra2_meteorology,0.005350065891006607,,0.005350065891006607,0.005350065891006607,0.0011086779873285262,287.0,287,0,0.005350065891006607,0.0004859128547266609,,0.005350065891006607
288,src_merra_flx_SPEED_wmean_500km_roll3_max,src_merra_flx_SPEED_wmean_500km,merra2_meteorology,0.005334241134345842,,0.005334241134345842,0.005334241134345842,0.00034260944284940126,288.0,288,0,0.005334241134345842,0.00046189157378691216,,0.005334241134345842
289,src_merra_aer_SUEXTTAU_wmean_250km_roll7_max,src_merra_aer_SUEXTTAU_wmean_250km,merra2_aerosol,0.005325317378074942,,0.005325317378074942,0.005325317378074942,-0.0004931019651473095,289.0,289,0,0.005325317378074942,0.0005057074582630131,,0.005325317378074942
290,src_merra_slv_U250_wmean_1000km_roll7_mean,src_merra_slv_U250_wmean_1000km,merra2_meteorology,0.005311072145688272,,0.005311072145688272,0.005311072145688272,0.00039344314676453184,290.0,290,0,0.005311072145688272,0.0006293259137364367,,0.005311072145688272
291,src_merra_flx_SPEED_wmean_500km_lag1,src_merra_flx_SPEED_wmean_500km,merra2_meteorology,0.0053072951073569,,0.0053072951073569,0.0053072951073569,0.00022775127209110976,291.0,291,0,0.0053072951073569,0.0004621376109990554,,0.0053072951073569
292,src_viirs_dist_nearest_500km_roll3_mean,src_viirs_dist_nearest_500km,wildfire_smoke,0.005303266319178856,,0.005303266319178856,0.005303266319178856,0.0007358832054489366,292.0,292,0,0.005303266319178856,0.0004975915705821446,,0.005303266319178856
293,src_merra_slv_U250_wmean_250km_roll7_mean,src_merra_slv_U250_wmean_250km,merra2_meteorology,0.005297282193652641,,0.005297282193652641,0.005297282193652641,-0.0007941474716523295,293.0,293,0,0.005297282193652641,0.00046891006951584627,,0.005297282193652641
294,src_merra_aer_SO4SMASS_wmean_250km_roll7_max,src_merra_aer_SO4SMASS_wmean_250km,merra2_aerosol,0.005278138773713821,,0.005278138773713821,0.005278138773713821,-0.00029479189368541027,294.0,294,0,0.005278138773713821,0.000654468455531299,,0.005278138773713821
295,src_merra_slv_V250_wmean_250km_roll3_mean,src_merra_slv_V250_wmean_250km,merra2_meteorology,0.005274837425594262,,0.005274837425594262,0.005274837425594262,-0.0020812879736166203,295.0,295,0,0.005274837425594262,0.0005454837507788139,,0.005274837425594262
296,src_merra_slv_V250_wmean_1000km_roll3_min,src_merra_slv_V250_wmean_1000km,merra2_meteorology,0.005262036801519691,,0.005262036801519691,0.005262036801519691,-0.00028180645338865784,296.0,296,0,0.005262036801519691,0.00048679435285112937,,0.005262036801519691
297,src_merra_flx_PBLH_wmean_500km_roll7_min,src_merra_flx_PBLH_wmean_500km,merra2_meteorology,0.0052429660761566035,,0.0052429660761566035,0.0052429660761566035,0.0020841500021401694,297.0,297,0,0.0052429660761566035,0.0008668951833396687,,0.0052429660761566035
298,src_merra_aer_SO4SMASS_wmean_500km_roll7_max,src_merra_aer_SO4SMASS_wmean_500km,merra2_aerosol,0.0052261248880081145,,0.0052261248880081145,0.0052261248880081145,-0.0020963038454584193,298.0,298,0,0.0052261248880081145,0.0004532074941874826,,0.0052261248880081145
299,src_merra_aer_SO4SMASS_wmean_250km_roll7_mean,src_merra_aer_SO4SMASS_wmean_250km,merra2_aerosol,0.005217050051847008,,0.005217050051847008,0.005217050051847008,0.0010548933944335452,299.0,299,0,0.005217050051847008,0.0008748080896811717,,0.005217050051847008
300,src_merra_flx_TLML_wmean_500km_roll3_max,src_merra_flx_TLML_wmean_500km,merra2_meteorology,0.005214009844074638,,0.005214009844074638,0.005214009844074638,0.00039777050991483934,300.0,300,0,0.005214009844074638,0.0005552047532281804,,0.005214009844074638
301,src_merra_slv_V850_wmean_500km_roll7_max,src_merra_slv_V850_wmean_500km,merra2_meteorology,0.005210305177159493,,0.005210305177159493,0.005210305177159493,0.0006927500159417214,301.0,301,0,0.005210305177159493,0.0004962542514610013,,0.005210305177159493
302,src_merra_slv_U250_wmean_500km_roll7_min,src_merra_slv_U250_wmean_500km,merra2_meteorology,0.005209819039300762,,0.005209819039300762,0.005209819039300762,-0.004051324129795268,302.0,302,0,0.005209819039300762,0.0007903508898323962,,0.005209819039300762
303,src_merra_aer_DUSMASS25_wmean_250km_roll3_max,src_merra_aer_DUSMASS25_wmean_250km,merra2_aerosol,0.0052064165604068305,,0.0052064165604068305,0.0052064165604068305,0.0005604015086843387,303.0,303,0,0.0052064165604068305,0.0008245799401878562,,0.0052064165604068305
304,src_merra_flx_TLML_wmean_500km_roll7_mean,src_merra_flx_TLML_wmean_500km,merra2_meteorology,0.00520640563700868,,0.00520640563700868,0.00520640563700868,0.001636435557059243,304.0,304,0,0.00520640563700868,0.000710563185610555,,0.00520640563700868
305,src_merra_slv_U500_wmean_1000km_roll7_min,src_merra_slv_U500_wmean_1000km,merra2_meteorology,0.00520323835612336,,0.00520323835612336,0.00520323835612336,-0.00015934119982171697,305.0,305,0,0.00520323835612336,0.0006793650758729503,,0.00520323835612336
306,src_merra_aer_BCEXTTAU_wmean_1000km_lag1,src_merra_aer_BCEXTTAU_wmean_1000km,merra2_aerosol,0.005167653834853305,,0.005167653834853305,0.005167653834853305,-0.0009088698966913324,306.0,306,0,0.005167653834853305,0.00042374095669940907,,0.005167653834853305
307,src_merra_aer_DUSMASS25_wmean_1000km_roll3_min,src_merra_aer_DUSMASS25_wmean_1000km,merra2_aerosol,0.0051504951984651,,0.0051504951984651,0.0051504951984651,0.0002719143516704009,307.0,307,0,0.0051504951984651,0.0004554290306792909,,0.0051504951984651
308,src_merra_slv_U500_wmean_500km_lag1,src_merra_slv_U500_wmean_500km,merra2_meteorology,0.005149557348498971,,0.005149557348498971,0.005149557348498971,0.0013896168522035861,308.0,308,0,0.005149557348498971,0.0005455293312395808,,0.005149557348498971
309,src_merra_aer_OCSMASS_wmean_500km_lag1,src_merra_aer_OCSMASS_wmean_500km,merra2_aerosol,0.005138235349378666,,0.005138235349378666,0.005138235349378666,-5.630107178311451e-05,309.0,309,0,0.005138235349378666,0.0004613040334430547,,0.005138235349378666
310,src_merra_slv_U500_wmean_1000km_roll7_mean,src_merra_slv_U500_wmean_1000km,merra2_meteorology,0.005131084558568337,,0.005131084558568337,0.005131084558568337,-0.0008859491935201663,310.0,310,0,0.005131084558568337,0.0004191747991868808,,0.005131084558568337
311,src_merra_aer_DUSMASS25_wmean_100km_roll7_min,src_merra_aer_DUSMASS25_wmean_100km,merra2_aerosol,0.005111902823854082,,0.005111902823854082,0.005111902823854082,0.0010695908293364175,311.0,311,0,0.005111902823854082,0.00037406990416181826,,0.005111902823854082
312,src_merra_aer_SUEXTTAU_wmean_500km_roll7_mean,src_merra_aer_SUEXTTAU_wmean_500km,merra2_aerosol,0.0050937146747983145,,0.0050937146747983145,0.0050937146747983145,-0.0008477495508286197,312.0,312,0,0.0050937146747983145,0.0005203348665672165,,0.0050937146747983145
313,src_merra_slv_U250_wmean_500km_lag1,src_merra_slv_U250_wmean_500km,merra2_meteorology,0.005083718123317658,,0.005083718123317658,0.005083718123317658,0.0013232487448303692,313.0,313,0,0.005083718123317658,0.0004700104899667531,,0.005083718123317658
314,src_merra_slv_U500_wmean_500km_roll7_mean,src_merra_slv_U500_wmean_500km,merra2_meteorology,0.005078954796464644,,0.005078954796464644,0.005078954796464644,0.001111518163296787,314.0,314,0,0.005078954796464644,0.0015385818886540497,,0.005078954796464644
315,src_merra_slv_V850_wmean_1000km_roll7_max,src_merra_slv_V850_wmean_1000km,merra2_meteorology,0.005065278872741834,,0.005065278872741834,0.005065278872741834,-0.0016521996705268227,315.0,315,0,0.005065278872741834,0.0004408983784530144,,0.005065278872741834
316,src_merra_aer_DUSMASS25_wmean_500km_roll7_min,src_merra_aer_DUSMASS25_wmean_500km,merra2_aerosol,0.005057914091660228,,0.005057914091660228,0.005057914091660228,-2.968792946855009e-05,316.0,316,0,0.005057914091660228,0.0008941518450781167,,0.005057914091660228
317,src_merra_slv_V850_wmean_1000km_roll7_min,src_merra_slv_V850_wmean_1000km,merra2_meteorology,0.005042991900583395,,0.005042991900583395,0.005042991900583395,0.0007165633551163174,317.0,317,0,0.005042991900583395,0.00053894253329872,,0.005042991900583395
318,src_viirs_dist_nearest_100km_roll7_mean,src_viirs_dist_nearest_100km,wildfire_smoke,0.005002401223996263,,0.005002401223996263,0.005002401223996263,0.0010957181554499846,318.0,318,0,0.005002401223996263,0.00038569891891337277,,0.005002401223996263
319,src_merra_slv_U850_wmean_1000km_roll7_min,src_merra_slv_U850_wmean_1000km,merra2_meteorology,0.005000235372905278,,0.005000235372905278,0.005000235372905278,-0.00012217878429416414,319.0,319,0,0.005000235372905278,0.0004127849062615362,,0.005000235372905278
320,src_merra_slv_V850_wmean_500km_roll7_min,src_merra_slv_V850_wmean_500km,merra2_meteorology,0.004995253553566074,,0.004995253553566074,0.004995253553566074,-0.0002198463795194521,320.0,320,0,0.004995253553566074,0.0007735246941748845,,0.004995253553566074
321,src_merra_flx_QLML_wmean_250km_roll3_min,src_merra_flx_QLML_wmean_250km,merra2_meteorology,0.004974909681557534,,0.004974909681557534,0.004974909681557534,0.0017487150724644687,321.0,321,0,0.004974909681557534,0.0006484928178862967,,0.004974909681557534
322,src_merra_flx_TLML_wmean_250km_roll7_mean,src_merra_flx_TLML_wmean_250km,merra2_meteorology,0.004971872378319897,,0.004971872378319897,0.004971872378319897,0.0014020606408761452,322.0,322,0,0.004971872378319897,0.0006010561218904683,,0.004971872378319897
323,src_merra_slv_U850_wmean_1000km_roll7_max,src_merra_slv_U850_wmean_1000km,merra2_meteorology,0.004967091790741418,,0.004967091790741418,0.004967091790741418,0.0007426094952713655,323.0,323,0,0.004967091790741418,0.00038941651449155587,,0.004967091790741418
324,src_viirs_dist_nearest_250km_roll7_mean,src_viirs_dist_nearest_250km,wildfire_smoke,0.004960159907731783,,0.004960159907731783,0.004960159907731783,2.7104124042477377e-06,324.0,324,0,0.004960159907731783,0.0004967489304363995,,0.004960159907731783
325,src_merra_aer_BCEXTTAU_wmean_500km_roll7_min,src_merra_aer_BCEXTTAU_wmean_500km,merra2_aerosol,0.004954009278902556,,0.004954009278902556,0.004954009278902556,-0.00015905304416692848,325.0,325,0,0.004954009278902556,0.000433054621457304,,0.004954009278902556
326,src_merra_slv_V850_wmean_500km_lag1,src_merra_slv_V850_wmean_500km,merra2_meteorology,0.0049481733391593926,,0.0049481733391593926,0.0049481733391593926,-0.0014576770890227244,326.0,326,0,0.0049481733391593926,0.0005458168289738947,,0.0049481733391593926
327,src_merra_aer_OCSMASS_wmean_500km_roll7_mean,src_merra_aer_OCSMASS_wmean_500km,merra2_aerosol,0.004889252680174495,,0.004889252680174495,0.004889252680174495,0.0002783093234826423,327.0,327,0,0.004889252680174495,0.00043536636059584585,,0.004889252680174495
328,src_merra_aer_BCSMASS_wmean_250km_roll3_max,src_merra_aer_BCSMASS_wmean_250km,merra2_aerosol,0.00488722716449305,,0.00488722716449305,0.00488722716449305,-0.00011651207523973607,328.0,328,0,0.00488722716449305,0.0004178264593254715,,0.00488722716449305
329,src_merra_flx_PBLH_wmean_100km_roll7_max,src_merra_flx_PBLH_wmean_100km,merra2_meteorology,0.004883472612548155,,0.004883472612548155,0.004883472612548155,-0.0002735266297628593,329.0,329,0,0.004883472612548155,0.0003399998996262523,,0.004883472612548155
330,src_merra_aer_DUSMASS25_wmean_1000km_lag1,src_merra_aer_DUSMASS25_wmean_1000km,merra2_aerosol,0.004869846258582359,,0.004869846258582359,0.004869846258582359,-0.0008571319347701792,330.0,330,0,0.004869846258582359,0.0005929905149771693,,0.004869846258582359
331,src_merra_flx_TLML_wmean_1000km_lag1,src_merra_flx_TLML_wmean_1000km,merra2_meteorology,0.004860935241734338,,0.004860935241734338,0.004860935241734338,0.0002649645856810823,331.0,331,0,0.004860935241734338,0.00041105384259495993,,0.004860935241734338
332,src_merra_slv_U250_wmean_1000km,src_merra_slv_U250_wmean_1000km,merra2_meteorology,0.004857445386066357,,0.004857445386066357,0.004857445386066357,-0.0004839156233259051,332.0,332,0,0.004857445386066357,0.00039782580047906436,,0.004857445386066357
333,src_merra_aer_DUSMASS25_wmean_1000km_roll7_mean,src_merra_aer_DUSMASS25_wmean_1000km,merra2_aerosol,0.00485295509427828,,0.00485295509427828,0.00485295509427828,-0.0001278555019453294,333.0,333,0,0.00485295509427828,0.00047800145785371195,,0.00485295509427828
334,src_merra_slv_V250_wmean_100km_roll3_max,src_merra_slv_V250_wmean_100km,merra2_meteorology,0.004851656752619618,,0.004851656752619618,0.004851656752619618,0.000532046956817942,334.0,334,0,0.004851656752619618,0.00040720332849823564,,0.004851656752619618
335,src_merra_flx_SPEED_wmean_250km_roll7_min,src_merra_flx_SPEED_wmean_250km,merra2_meteorology,0.004827390246010636,,0.004827390246010636,0.004827390246010636,-0.0013544085090397633,335.0,335,0,0.004827390246010636,0.0004518826098605912,,0.004827390246010636
336,src_viirs_count_500km_roll7_min,src_viirs_count_500km,wildfire_smoke,0.004814591734050035,,0.004814591734050035,0.004814591734050035,-0.003952011645960416,336.0,336,0,0.004814591734050035,0.0008078092554301142,,0.004814591734050035
337,src_viirs_frp_mw_sum_100km,src_viirs_frp_mw_sum_100km,wildfire_smoke,0.004810326733030933,,0.004810326733030933,0.004810326733030933,-0.00027035212994988615,337.0,337,0,0.004810326733030933,0.0006554320571511003,,0.004810326733030933
338,src_viirs_count_500km_roll3_min,src_viirs_count_500km,wildfire_smoke,0.004792337169717947,,0.004792337169717947,0.004792337169717947,0.0004125781787521811,338.0,338,0,0.004792337169717947,0.0005705408348074223,,0.004792337169717947
339,src_merra_flx_SPEED_wmean_1000km_lag1,src_merra_flx_SPEED_wmean_1000km,merra2_meteorology,0.004774570302598322,,0.004774570302598322,0.004774570302598322,0.00031022402792186236,339.0,339,0,0.004774570302598322,0.0004054012193060969,,0.004774570302598322
340,src_merra_aer_BCEXTTAU_wmean_1000km_roll7_max,src_merra_aer_BCEXTTAU_wmean_1000km,merra2_aerosol,0.004762309332227447,,0.004762309332227447,0.004762309332227447,0.00014940088570298627,340.0,340,0,0.004762309332227447,0.00044770663206004696,,0.004762309332227447
341,src_merra_flx_TLML_wmean_500km_roll7_min,src_merra_flx_TLML_wmean_500km,merra2_meteorology,0.0047205027365835196,,0.0047205027365835196,0.0047205027365835196,0.0017110940770643705,341.0,341,0,0.0047205027365835196,0.0004106566988583511,,0.0047205027365835196
342,src_merra_slv_U250_wmean_250km_roll7_min,src_merra_slv_U250_wmean_250km,merra2_meteorology,0.0047172384354619125,,0.0047172384354619125,0.0047172384354619125,-9.106903328822686e-05,342.0,342,0,0.0047172384354619125,0.0003422380203605414,,0.0047172384354619125
343,src_merra_slv_U850_wmean_100km_roll3_mean,src_merra_slv_U850_wmean_100km,merra2_meteorology,0.004714626811881722,,0.004714626811881722,0.004714626811881722,-3.2634330159116016e-05,343.0,343,0,0.004714626811881722,0.0005059365767113138,,0.004714626811881722
344,src_merra_slv_V250_wmean_1000km_roll7_max,src_merra_slv_V250_wmean_1000km,merra2_meteorology,0.00471294352173908,,0.00471294352173908,0.00471294352173908,-0.0006922062405139677,344.0,344,0,0.00471294352173908,0.0004859232650907508,,0.00471294352173908
345,src_merra_aer_BCSMASS_wmean_1000km_roll7_min,src_merra_aer_BCSMASS_wmean_1000km,merra2_aerosol,0.004697353497950392,,0.004697353497950392,0.004697353497950392,0.0004312211938491564,345.0,345,0,0.004697353497950392,0.0004330047224965355,,0.004697353497950392
346,src_viirs_dist_nearest_500km,src_viirs_dist_nearest_500km,wildfire_smoke,0.0046883899278566425,,0.0046883899278566425,0.0046883899278566425,-0.0008207899660621786,346.0,346,0,0.0046883899278566425,0.00039789944228023046,,0.0046883899278566425
347,src_merra_slv_V850_wmean_250km_roll3_max,src_merra_slv_V850_wmean_250km,merra2_meteorology,0.004669795980251314,,0.004669795980251314,0.004669795980251314,0.001202046620973086,347.0,347,0,0.004669795980251314,0.0003897919325444886,,0.004669795980251314
348,src_merra_flx_PBLH_wmean_1000km_lag1,src_merra_flx_PBLH_wmean_1000km,merra2_meteorology,0.004664965722459968,,0.004664965722459968,0.004664965722459968,0.0006605680009385702,348.0,348,0,0.004664965722459968,0.0005169430231124485,,0.004664965722459968
349,src_merra_slv_U850_wmean_500km_roll3_mean,src_merra_slv_U850_wmean_500km,merra2_meteorology,0.004656027902965582,,0.004656027902965582,0.004656027902965582,0.0012057799415768431,349.0,349,0,0.004656027902965582,0.0005415372476633191,,0.004656027902965582
350,src_merra_aer_SO4SMASS_wmean_500km_roll3_min,src_merra_aer_SO4SMASS_wmean_500km,merra2_aerosol,0.004644873380762264,,0.004644873380762264,0.004644873380762264,0.00015559882592969593,350.0,350,0,0.004644873380762264,0.00032759505327066427,,0.004644873380762264
351,src_merra_aer_BCEXTTAU_wmean_1000km_roll7_min,src_merra_aer_BCEXTTAU_wmean_1000km,merra2_aerosol,0.004639689262445303,,0.004639689262445303,0.004639689262445303,-0.0011316043936686626,351.0,351,0,0.004639689262445303,0.0005090320814506081,,0.004639689262445303
352,src_merra_slv_V850_wmean_500km_roll3_min,src_merra_slv_V850_wmean_500km,merra2_meteorology,0.004634501025633031,,0.004634501025633031,0.004634501025633031,-0.0005117416053596403,352.0,352,0,0.004634501025633031,0.0004862593611604672,,0.004634501025633031
353,src_viirs_dist_nearest_500km_roll7_mean,src_viirs_dist_nearest_500km,wildfire_smoke,0.004628483841959029,,0.004628483841959029,0.004628483841959029,-0.0002620979922437885,353.0,353,0,0.004628483841959029,0.0004886729192545325,,0.004628483841959029
354,src_merra_aer_OCSMASS_wmean_500km_roll7_min,src_merra_aer_OCSMASS_wmean_500km,merra2_aerosol,0.004625250093834918,,0.004625250093834918,0.004625250093834918,0.00021356944879119693,354.0,354,0,0.004625250093834918,0.0005972769439139389,,0.004625250093834918
355,src_merra_slv_U500_wmean_500km_roll7_min,src_merra_slv_U500_wmean_500km,merra2_meteorology,0.004619941787517949,,0.004619941787517949,0.004619941787517949,0.0009044071104553214,355.0,355,0,0.004619941787517949,0.0004956190650526583,,0.004619941787517949
356,src_viirs_dist_nearest_250km_roll3_min,src_viirs_dist_nearest_250km,wildfire_smoke,0.004615621674910004,,0.004615621674910004,0.004615621674910004,-0.000262401692445992,356.0,356,0,0.004615621674910004,0.0003364183816255325,,0.004615621674910004
357,src_merra_aer_SO4SMASS_wmean_1000km_roll3_mean,src_merra_aer_SO4SMASS_wmean_1000km,merra2_aerosol,0.004594548829151751,,0.004594548829151751,0.004594548829151751,0.0001724852707269524,357.0,357,0,0.004594548829151751,0.0003123275010489723,,0.004594548829151751
358,src_merra_aer_SUEXTTAU_wmean_100km,src_merra_aer_SUEXTTAU_wmean_100km,merra2_aerosol,0.00458043713833403,,0.00458043713833403,0.00458043713833403,-0.0010005855361083752,358.0,358,0,0.00458043713833403,0.0003164188998053373,,0.00458043713833403
359,src_merra_aer_SUEXTTAU_wmean_500km_lag1,src_merra_aer_SUEXTTAU_wmean_500km,merra2_aerosol,0.004572533704735227,,0.004572533704735227,0.004572533704735227,-0.00035388936303848445,359.0,359,0,0.004572533704735227,0.0006375756219782747,,0.004572533704735227
360,src_merra_flx_TLML_wmean_250km_roll3_max,src_merra_flx_TLML_wmean_250km,merra2_meteorology,0.00454981854803928,,0.00454981854803928,0.00454981854803928,0.0013104055977132335,360.0,360,0,0.00454981854803928,0.0004134572718414074,,0.00454981854803928
361,src_merra_flx_SPEED_wmean_1000km_roll3_min,src_merra_flx_SPEED_wmean_1000km,merra2_meteorology,0.004543871926880912,,0.004543871926880912,0.004543871926880912,4.200682711487549e-05,361.0,361,0,0.004543871926880912,0.0003847263183718864,,0.004543871926880912
362,src_merra_slv_U250_wmean_250km_roll3_max,src_merra_slv_U250_wmean_250km,merra2_meteorology,0.0045390156218074835,,0.0045390156218074835,0.0045390156218074835,-9.088214900910219e-05,362.0,362,0,0.0045390156218074835,0.0006988995005116115,,0.0045390156218074835
363,src_merra_slv_U500_wmean_1000km_roll3_max,src_merra_slv_U500_wmean_1000km,merra2_meteorology,0.004518686706369885,,0.004518686706369885,0.004518686706369885,-0.0008431511310581311,363.0,363,0,0.004518686706369885,0.0004070815658338461,,0.004518686706369885
364,src_merra_slv_V250_wmean_1000km_roll3_mean,src_merra_slv_V250_wmean_1000km,merra2_meteorology,0.004493383943296364,,0.004493383943296364,0.004493383943296364,-0.0010337141022029918,364.0,364,0,0.004493383943296364,0.00041348248893826966,,0.004493383943296364
365,src_merra_slv_U850_wmean_100km,src_merra_slv_U850_wmean_100km,merra2_meteorology,0.004485561670290075,,0.004485561670290075,0.004485561670290075,0.0006364045363032645,365.0,365,0,0.004485561670290075,0.0005734429124981317,,0.004485561670290075
366,src_merra_flx_PBLH_wmean_500km_roll3_mean,src_merra_flx_PBLH_wmean_500km,merra2_meteorology,0.00448461117715425,,0.00448461117715425,0.00448461117715425,-0.0008258742501118241,366.0,366,0,0.00448461117715425,0.00039363028283672145,,0.00448461117715425
367,src_merra_flx_TLML_wmean_250km_roll7_max,src_merra_flx_TLML_wmean_250km,merra2_meteorology,0.004481837502818681,,0.004481837502818681,0.004481837502818681,0.0007806864253705056,367.0,367,0,0.004481837502818681,0.000489396809594289,,0.004481837502818681
368,src_merra_slv_U850_wmean_500km_roll7_mean,src_merra_slv_U850_wmean_500km,merra2_meteorology,0.004476695345761791,,0.004476695345761791,0.004476695345761791,-0.0002952861356022163,368.0,368,0,0.004476695345761791,0.00044519306801572774,,0.004476695345761791
369,src_merra_aer_OCSMASS_wmean_250km_roll7_mean,src_merra_aer_OCSMASS_wmean_250km,merra2_aerosol,0.004467846410646972,,0.004467846410646972,0.004467846410646972,0.00028668651999197187,369.0,369,0,0.004467846410646972,0.00032825564292111663,,0.004467846410646972
370,src_merra_aer_DUSMASS25_wmean_250km_roll7_min,src_merra_aer_DUSMASS25_wmean_250km,merra2_aerosol,0.004460305683661265,,0.004460305683661265,0.004460305683661265,-0.00033752240450875975,370.0,370,0,0.004460305683661265,0.0004453722002795532,,0.004460305683661265
371,src_viirs_dist_nearest_100km_roll3_max,src_viirs_dist_nearest_100km,wildfire_smoke,0.004458468396395474,,0.004458468396395474,0.004458468396395474,-0.00010878645041120428,371.0,371,0,0.004458468396395474,0.0004977666884757674,,0.004458468396395474
372,src_merra_slv_V500_wmean_100km_roll7_max,src_merra_slv_V500_wmean_100km,merra2_meteorology,0.004456711086203446,,0.004456711086203446,0.004456711086203446,-0.0006616833042451965,372.0,372,0,0.004456711086203446,0.00044763940614093973,,0.004456711086203446
373,src_merra_flx_SPEED_wmean_500km_roll7_max,src_merra_flx_SPEED_wmean_500km,merra2_meteorology,0.004448840939283806,,0.004448840939283806,0.004448840939283806,-0.0004816387170715204,373.0,373,0,0.004448840939283806,0.00036722306301881745,,0.004448840939283806
374,src_merra_slv_U250_wmean_100km_roll7_mean,src_merra_slv_U250_wmean_100km,merra2_meteorology,0.004427652549408591,,0.004427652549408591,0.004427652549408591,-0.002727587279305701,374.0,374,0,0.004427652549408591,0.002675601408941543,,0.004427652549408591
375,src_merra_slv_V850_wmean_500km_roll3_mean,src_merra_slv_V850_wmean_500km,merra2_meteorology,0.004413282999784153,,0.004413282999784153,0.004413282999784153,-0.00041322998449408655,375.0,375,0,0.004413282999784153,0.0003621886756768592,,0.004413282999784153
376,src_merra_aer_OCSMASS_wmean_1000km_roll3_max,src_merra_aer_OCSMASS_wmean_1000km,merra2_aerosol,0.004410313275340249,,0.004410313275340249,0.004410313275340249,-0.0005443488767489622,376.0,376,0,0.004410313275340249,0.000558148712974883,,0.004410313275340249
377,src_merra_flx_TLML_wmean_250km_lag1,src_merra_flx_TLML_wmean_250km,merra2_meteorology,0.004398789673509973,,0.004398789673509973,0.004398789673509973,0.0007435540547393956,377.0,377,0,0.004398789673509973,0.0005176344494721785,,0.004398789673509973
378,src_merra_aer_SUEXTTAU_wmean_250km_lag1,src_merra_aer_SUEXTTAU_wmean_250km,merra2_aerosol,0.004386371918794392,,0.004386371918794392,0.004386371918794392,0.0002441900381175865,378.0,378,0,0.004386371918794392,0.0006233453702568471,,0.004386371918794392
379,src_merra_aer_DUSMASS25_wmean_500km_lag1,src_merra_aer_DUSMASS25_wmean_500km,merra2_aerosol,0.00437385540101498,,0.00437385540101498,0.00437385540101498,0.0009401142471463919,379.0,379,0,0.00437385540101498,0.0004092457419868577,,0.00437385540101498
380,src_merra_aer_OCSMASS_wmean_500km_roll7_max,src_merra_aer_OCSMASS_wmean_500km,merra2_aerosol,0.004350281636802869,,0.004350281636802869,0.004350281636802869,0.00148139115865656,380.0,380,0,0.004350281636802869,0.00047500508611444817,,0.004350281636802869
381,src_merra_aer_SUEXTTAU_wmean_1000km_roll7_min,src_merra_aer_SUEXTTAU_wmean_1000km,merra2_aerosol,0.004346417735915383,,0.004346417735915383,0.004346417735915383,-0.0009479128645961414,381.0,381,0,0.004346417735915383,0.00038961364967206476,,0.004346417735915383
382,src_merra_slv_V850_wmean_1000km_roll3_max,src_merra_slv_V850_wmean_1000km,merra2_meteorology,0.004345975281199734,,0.004345975281199734,0.004345975281199734,-0.0003088763965678686,382.0,382,0,0.004345975281199734,0.00034517121555749397,,0.004345975281199734
383,src_merra_aer_BCSMASS_wmean_250km_roll7_max,src_merra_aer_BCSMASS_wmean_250km,merra2_aerosol,0.004334441919665367,,0.004334441919665367,0.004334441919665367,-0.0005064890510825701,383.0,383,0,0.004334441919665367,0.0003337974581819344,,0.004334441919665367
384,src_merra_flx_SPEED_wmean_250km_roll7_mean,src_merra_flx_SPEED_wmean_250km,merra2_meteorology,0.004328962312221793,,0.004328962312221793,0.004328962312221793,-0.0015335931118942395,384.0,384,0,0.004328962312221793,0.000356562630302695,,0.004328962312221793
385,src_merra_slv_U850_wmean_500km_roll7_min,src_merra_slv_U850_wmean_500km,merra2_meteorology,0.004327398094434771,,0.004327398094434771,0.004327398094434771,2.9767828294330386e-05,385.0,385,0,0.004327398094434771,0.0004401879363126153,,0.004327398094434771
386,src_merra_flx_SPEED_wmean_1000km_roll3_mean,src_merra_flx_SPEED_wmean_1000km,merra2_meteorology,0.004324994857270374,,0.004324994857270374,0.004324994857270374,-0.0003123795706835311,386.0,386,0,0.004324994857270374,0.0005015871895385285,,0.004324994857270374
387,src_merra_flx_SPEED_wmean_100km_roll3_max,src_merra_flx_SPEED_wmean_100km,merra2_meteorology,0.00431990811273899,,0.00431990811273899,0.00431990811273899,0.0006317841511713754,387.0,387,0,0.00431990811273899,0.0002830513671967908,,0.00431990811273899
388,src_merra_aer_BCSMASS_wmean_250km_roll3_mean,src_merra_aer_BCSMASS_wmean_250km,merra2_aerosol,0.004314582716280002,,0.004314582716280002,0.004314582716280002,-0.00038985814457903015,388.0,388,0,0.004314582716280002,0.0005457249905429383,,0.004314582716280002
389,src_merra_slv_V250_wmean_250km_roll7_min,src_merra_slv_V250_wmean_250km,merra2_meteorology,0.0043139558805139365,,0.0043139558805139365,0.0043139558805139365,-0.000568285997012741,389.0,389,0,0.0043139558805139365,0.0004235353364985614,,0.0043139558805139365
390,src_merra_slv_U850_wmean_1000km_roll3_max,src_merra_slv_U850_wmean_1000km,merra2_meteorology,0.004310815113855568,,0.004310815113855568,0.004310815113855568,0.0004070498287275466,390.0,390,0,0.004310815113855568,0.0004532401331358906,,0.004310815113855568
391,src_viirs_count_100km_lag1,src_viirs_count_100km,wildfire_smoke,0.004295177184710622,,0.004295177184710622,0.004295177184710622,0.0007216269904394377,391.0,391,0,0.004295177184710622,0.001506333353579592,,0.004295177184710622
392,src_merra_aer_SUEXTTAU_wmean_1000km_roll3_min,src_merra_aer_SUEXTTAU_wmean_1000km,merra2_aerosol,0.004293607841960555,,0.004293607841960555,0.004293607841960555,0.00018533409915270856,392.0,392,0,0.004293607841960555,0.00051711987649866,,0.004293607841960555
393,src_merra_flx_PBLH_wmean_1000km_roll3_mean,src_merra_flx_PBLH_wmean_1000km,merra2_meteorology,0.004283956854966793,,0.004283956854966793,0.004283956854966793,0.000689103863567416,393.0,393,0,0.004283956854966793,0.00043720568665805217,,0.004283956854966793
394,src_merra_aer_BCSMASS_wmean_500km_roll7_mean,src_merra_aer_BCSMASS_wmean_500km,merra2_aerosol,0.00426062799060662,,0.00426062799060662,0.00426062799060662,1.812953325341515e-05,394.0,394,0,0.00426062799060662,0.00035228617213199366,,0.00426062799060662
395,src_merra_aer_DUSMASS25_wmean_500km_roll3_min,src_merra_aer_DUSMASS25_wmean_500km,merra2_aerosol,0.004254777467477338,,0.004254777467477338,0.004254777467477338,0.0003657162877373768,395.0,395,0,0.004254777467477338,0.0003934715200810485,,0.004254777467477338
396,src_merra_aer_BCSMASS_wmean_100km_roll7_mean,src_merra_aer_BCSMASS_wmean_100km,merra2_aerosol,0.004254435362433102,,0.004254435362433102,0.004254435362433102,0.0002098778623985212,396.0,396,0,0.004254435362433102,0.0003708357904457574,,0.004254435362433102
397,src_viirs_count_250km_lag1,src_viirs_count_250km,wildfire_smoke,0.004253161754100369,,0.004253161754100369,0.004253161754100369,-0.0007203489206280192,397.0,397,0,0.004253161754100369,0.000654687682017308,,0.004253161754100369
398,src_merra_slv_V500_wmean_250km_roll7_mean,src_merra_slv_V500_wmean_250km,merra2_meteorology,0.004241829689275843,,0.004241829689275843,0.004241829689275843,0.0008561515045045694,398.0,398,0,0.004241829689275843,0.0011985162577766138,,0.004241829689275843
399,src_merra_slv_U250_wmean_500km_roll3_min,src_merra_slv_U250_wmean_500km,merra2_meteorology,0.0042325124497698706,,0.0042325124497698706,0.0042325124497698706,-0.0006274381804868037,399.0,399,0,0.0042325124497698706,0.00044001884149812766,,0.0042325124497698706
400,src_merra_flx_PBLH_wmean_250km_roll3_mean,src_merra_flx_PBLH_wmean_250km,merra2_meteorology,0.004232461072320427,,0.004232461072320427,0.004232461072320427,-0.001594234110442462,400.0,400,0,0.004232461072320427,0.0002951237646221957,,0.004232461072320427
401,src_merra_slv_V500_wmean_100km_roll3_mean,src_merra_slv_V500_wmean_100km,merra2_meteorology,0.004224393352527614,,0.004224393352527614,0.004224393352527614,-0.0013100271591029993,401.0,401,0,0.004224393352527614,0.0004339322065379168,,0.004224393352527614
402,src_merra_slv_V250_wmean_250km_roll3_min,src_merra_slv_V250_wmean_250km,merra2_meteorology,0.004217500981554867,,0.004217500981554867,0.004217500981554867,-0.0011299996872574675,402.0,402,0,0.004217500981554867,0.0004797895967405633,,0.004217500981554867
403,src_viirs_dist_nearest_1000km_roll7_mean,src_viirs_dist_nearest_1000km,wildfire_smoke,0.004213988762997102,,0.004213988762997102,0.004213988762997102,-0.0005644920014093582,403.0,403,0,0.004213988762997102,0.0005021726227654757,,0.004213988762997102
404,src_merra_aer_OCSMASS_wmean_1000km_roll3_mean,src_merra_aer_OCSMASS_wmean_1000km,merra2_aerosol,0.004212680310454448,,0.004212680310454448,0.004212680310454448,0.0012093075868821305,404.0,404,0,0.004212680310454448,0.00038285696370624224,,0.004212680310454448
405,src_merra_slv_V500_wmean_250km_roll7_min,src_merra_slv_V500_wmean_250km,merra2_meteorology,0.0042051488660308275,,0.0042051488660308275,0.0042051488660308275,0.0009176212311735682,405.0,405,0,0.0042051488660308275,0.0003392515218016229,,0.0042051488660308275
406,src_merra_slv_V850_wmean_100km_roll7_mean,src_merra_slv_V850_wmean_100km,merra2_meteorology,0.004188165204478424,,0.004188165204478424,0.004188165204478424,-0.0009740827961474221,406.0,406,0,0.004188165204478424,0.0004584247114321166,,0.004188165204478424
407,src_merra_aer_SO4SMASS_wmean_1000km_roll7_min,src_merra_aer_SO4SMASS_wmean_1000km,merra2_aerosol,0.004128796510845664,,0.004128796510845664,0.004128796510845664,-0.002373482740987379,407.0,407,0,0.004128796510845664,0.0006568325202318096,,0.004128796510845664
408,src_merra_aer_SO4SMASS_wmean_1000km_roll7_mean,src_merra_aer_SO4SMASS_wmean_1000km,merra2_aerosol,0.004119802792780384,,0.004119802792780384,0.004119802792780384,0.0013802884780006602,408.0,408,0,0.004119802792780384,0.0003681029698790941,,0.004119802792780384
409,src_merra_flx_SPEED_wmean_500km_roll7_min,src_merra_flx_SPEED_wmean_500km,merra2_meteorology,0.004112159569082678,,0.004112159569082678,0.004112159569082678,-0.0009568460661860529,409.0,409,0,0.004112159569082678,0.0005450825688386297,,0.004112159569082678
410,src_merra_aer_BCEXTTAU_wmean_500km_roll7_max,src_merra_aer_BCEXTTAU_wmean_500km,merra2_aerosol,0.004090123360060557,,0.004090123360060557,0.004090123360060557,0.0004427967730180296,410.0,410,0,0.004090123360060557,0.0004391380201592695,,0.004090123360060557
411,src_merra_flx_PBLH_wmean_500km_roll3_max,src_merra_flx_PBLH_wmean_500km,merra2_meteorology,0.004070124154601591,,0.004070124154601591,0.004070124154601591,0.0002041788581695415,411.0,411,0,0.004070124154601591,0.00037476519924506575,,0.004070124154601591
412,src_merra_slv_V850_wmean_1000km_lag1,src_merra_slv_V850_wmean_1000km,merra2_meteorology,0.0040694821549476365,,0.0040694821549476365,0.0040694821549476365,-0.0004367667979667537,412.0,412,0,0.0040694821549476365,0.00032773126845506953,,0.0040694821549476365
413,src_merra_slv_U250_wmean_1000km_roll3_min,src_merra_slv_U250_wmean_1000km,merra2_meteorology,0.004061319333578295,,0.004061319333578295,0.004061319333578295,-0.0012764976429970184,413.0,413,0,0.004061319333578295,0.00042826858017855026,,0.004061319333578295
414,src_merra_slv_V250_wmean_500km_roll7_max,src_merra_slv_V250_wmean_500km,merra2_meteorology,0.004058773028103573,,0.004058773028103573,0.004058773028103573,-4.121882515030013e-05,414.0,414,0,0.004058773028103573,0.0004327762300370558,,0.004058773028103573
415,src_merra_aer_SO4SMASS_wmean_250km_roll7_min,src_merra_aer_SO4SMASS_wmean_250km,merra2_aerosol,0.0040569219650049785,,0.0040569219650049785,0.0040569219650049785,0.00027268888881164184,415.0,415,0,0.0040569219650049785,0.0003837472242957303,,0.0040569219650049785
416,src_merra_aer_OCSMASS_wmean_1000km_roll3_min,src_merra_aer_OCSMASS_wmean_1000km,merra2_aerosol,0.004054052278395287,,0.004054052278395287,0.004054052278395287,0.00010098708221561519,416.0,416,0,0.004054052278395287,0.0003562726786708098,,0.004054052278395287
417,src_merra_aer_DUSMASS25_wmean_1000km_roll3_max,src_merra_aer_DUSMASS25_wmean_1000km,merra2_aerosol,0.00404595286755926,,0.00404595286755926,0.00404595286755926,-0.00011062953877151965,417.0,417,0,0.00404595286755926,0.0003184424458964124,,0.00404595286755926
418,src_merra_aer_BCEXTTAU_wmean_500km_roll3_min,src_merra_aer_BCEXTTAU_wmean_500km,merra2_aerosol,0.004039049063364579,,0.004039049063364579,0.004039049063364579,0.00020173132771358123,418.0,418,0,0.004039049063364579,0.00041562776152338413,,0.004039049063364579
419,src_merra_aer_SO4SMASS_wmean_500km_roll7_mean,src_merra_aer_SO4SMASS_wmean_500km,merra2_aerosol,0.004022299195628848,,0.004022299195628848,0.004022299195628848,0.00018381728931991394,419.0,419,0,0.004022299195628848,0.0003346899162843001,,0.004022299195628848
420,src_merra_slv_U850_wmean_250km_roll7_mean,src_merra_slv_U850_wmean_250km,merra2_meteorology,0.004021299234799211,,0.004021299234799211,0.004021299234799211,-0.0008404434271639296,420.0,420,0,0.004021299234799211,0.0003708777422732722,,0.004021299234799211
421,src_merra_flx_SPEED_wmean_250km_roll3_min,src_merra_flx_SPEED_wmean_250km,merra2_meteorology,0.004016961975771515,,0.004016961975771515,0.004016961975771515,-0.0008221310189440367,421.0,421,0,0.004016961975771515,0.00035855939454828336,,0.004016961975771515
422,src_merra_slv_U500_wmean_250km_lag1,src_merra_slv_U500_wmean_250km,merra2_meteorology,0.004011055020816259,,0.004011055020816259,0.004011055020816259,0.0013823472698661868,422.0,422,0,0.004011055020816259,0.0005671067808729763,,0.004011055020816259
423,src_merra_aer_SUEXTTAU_wmean_500km_roll7_min,src_merra_aer_SUEXTTAU_wmean_500km,merra2_aerosol,0.004003112255222365,,0.004003112255222365,0.004003112255222365,0.0007500091819095133,423.0,423,0,0.004003112255222365,0.0003366147397186466,,0.004003112255222365
424,src_merra_flx_QLML_wmean_100km_roll3_max,src_merra_flx_QLML_wmean_100km,merra2_meteorology,0.003990043830685197,,0.003990043830685197,0.003990043830685197,0.0006855418220378804,424.0,424,0,0.003990043830685197,0.0002566579219863719,,0.003990043830685197
425,src_viirs_dist_nearest_100km_roll3_min,src_viirs_dist_nearest_100km,wildfire_smoke,0.0039857466055649715,,0.0039857466055649715,0.0039857466055649715,-0.0005604500103823267,425.0,425,0,0.0039857466055649715,0.000504936976163604,,0.0039857466055649715
426,src_merra_flx_SPEED_wmean_500km_roll3_mean,src_merra_flx_SPEED_wmean_500km,merra2_meteorology,0.003955939866327614,,0.003955939866327614,0.003955939866327614,-0.00035315081655747685,426.0,426,0,0.003955939866327614,0.0004078784806858211,,0.003955939866327614
427,src_merra_flx_QLML_wmean_100km_roll3_mean,src_merra_flx_QLML_wmean_100km,merra2_meteorology,0.003954313404429159,,0.003954313404429159,0.003954313404429159,0.0004115554892242034,427.0,427,0,0.003954313404429159,0.0003179136018745708,,0.003954313404429159
428,src_merra_flx_PBLH_wmean_250km_roll3_min,src_merra_flx_PBLH_wmean_250km,merra2_meteorology,0.0039394911727676195,,0.0039394911727676195,0.0039394911727676195,-0.00047634424638711814,428.0,428,0,0.0039394911727676195,0.0002678114716921619,,0.0039394911727676195
429,src_merra_aer_BCSMASS_wmean_500km_roll3_min,src_merra_aer_BCSMASS_wmean_500km,merra2_aerosol,0.0039289080269068665,,0.0039289080269068665,0.0039289080269068665,-0.002309118169997232,429.0,429,0,0.0039289080269068665,0.0012780723034078376,,0.0039289080269068665
430,src_merra_aer_SO4SMASS_wmean_100km_lag1,src_merra_aer_SO4SMASS_wmean_100km,merra2_aerosol,0.003920556773520157,,0.003920556773520157,0.003920556773520157,-2.6685433171298526e-05,430.0,430,0,0.003920556773520157,0.00043662982310891437,,0.003920556773520157
431,src_merra_slv_V500_wmean_1000km_roll7_mean,src_merra_slv_V500_wmean_1000km,merra2_meteorology,0.003913736030997524,,0.003913736030997524,0.003913736030997524,-0.0006871863884665595,431.0,431,0,0.003913736030997524,0.0003890379107309046,,0.003913736030997524
432,src_viirs_dist_nearest_250km_roll3_mean,src_viirs_dist_nearest_250km,wildfire_smoke,0.0038855397421722416,,0.0038855397421722416,0.0038855397421722416,-0.0011623338527130185,432.0,432,0,0.0038855397421722416,0.0003859286755697601,,0.0038855397421722416
433,src_merra_flx_TLML_wmean_1000km_roll3_mean,src_merra_flx_TLML_wmean_1000km,merra2_meteorology,0.0038766013634473923,,0.0038766013634473923,0.0038766013634473923,0.0007048769411453717,433.0,433,0,0.0038766013634473923,0.00045923667359424507,,0.0038766013634473923
434,src_merra_aer_BCSMASS_wmean_100km_roll3_mean,src_merra_aer_BCSMASS_wmean_100km,merra2_aerosol,0.0038746002352040604,,0.0038746002352040604,0.0038746002352040604,-0.001514776805324928,434.0,434,0,0.0038746002352040604,0.0004330579002232519,,0.0038746002352040604
435,src_merra_slv_V250_wmean_500km_roll7_min,src_merra_slv_V250_wmean_500km,merra2_meteorology,0.003860312371577363,,0.003860312371577363,0.003860312371577363,0.0002202768014515842,435.0,435,0,0.003860312371577363,0.0004244644721963643,,0.003860312371577363
436,src_merra_flx_PBLH_wmean_250km_roll3_max,src_merra_flx_PBLH_wmean_250km,merra2_meteorology,0.0038573967460237084,,0.0038573967460237084,0.0038573967460237084,-0.0009509105339042247,436.0,436,0,0.0038573967460237084,0.0003149909496702823,,0.0038573967460237084
437,src_merra_aer_SUEXTTAU_wmean_500km_roll3_min,src_merra_aer_SUEXTTAU_wmean_500km,merra2_aerosol,0.0038432538559731483,,0.0038432538559731483,0.0038432538559731483,2.295886247748688e-05,437.0,437,0,0.0038432538559731483,0.00034273487260917516,,0.0038432538559731483
438,src_merra_slv_U850_wmean_500km_roll3_max,src_merra_slv_U850_wmean_500km,merra2_meteorology,0.0038401921114121144,,0.0038401921114121144,0.0038401921114121144,-0.0003058965580428683,438.0,438,0,0.0038401921114121144,0.0003489976899817267,,0.0038401921114121144
439,src_merra_aer_DUSMASS25_wmean_500km_roll3_max,src_merra_aer_DUSMASS25_wmean_500km,merra2_aerosol,0.0038383411894609225,,0.0038383411894609225,0.0038383411894609225,-0.0003539775060238003,439.0,439,0,0.0038383411894609225,0.00028525744422681947,,0.0038383411894609225
440,src_merra_aer_BCEXTTAU_wmean_1000km_roll3_min,src_merra_aer_BCEXTTAU_wmean_1000km,merra2_aerosol,0.003833024041119097,,0.003833024041119097,0.003833024041119097,0.001046340454163111,440.0,440,0,0.003833024041119097,0.0004766224359315091,,0.003833024041119097
441,src_viirs_dist_nearest_250km_roll3_max,src_viirs_dist_nearest_250km,wildfire_smoke,0.0038298013727162024,,0.0038298013727162024,0.0038298013727162024,0.0005740603956441943,441.0,441,0,0.0038298013727162024,0.00045279859249906416,,0.0038298013727162024
442,src_merra_slv_V850_wmean_1000km_roll3_min,src_merra_slv_V850_wmean_1000km,merra2_meteorology,0.0038275993215577805,,0.0038275993215577805,0.0038275993215577805,-0.0006220332644912372,442.0,442,0,0.0038275993215577805,0.00035220934319851575,,0.0038275993215577805
443,src_merra_aer_OCSMASS_wmean_250km_lag1,src_merra_aer_OCSMASS_wmean_250km,merra2_aerosol,0.0038265918283435798,,0.0038265918283435798,0.0038265918283435798,-0.0005657950884905133,443.0,443,0,0.0038265918283435798,0.0005050887762640662,,0.0038265918283435798
444,src_merra_slv_U500_wmean_250km_roll7_min,src_merra_slv_U500_wmean_250km,merra2_meteorology,0.0038176662626116962,,0.0038176662626116962,0.0038176662626116962,0.0009365518508702438,444.0,444,0,0.0038176662626116962,0.00040743445810799195,,0.0038176662626116962
445,src_merra_slv_U250_wmean_500km_roll3_mean,src_merra_slv_U250_wmean_500km,merra2_meteorology,0.0038152137127327487,,0.0038152137127327487,0.0038152137127327487,-0.0004601223088350768,445.0,445,0,0.0038152137127327487,0.0002983410044691253,,0.0038152137127327487
446,src_merra_slv_U250_wmean_250km_roll3_min,src_merra_slv_U250_wmean_250km,merra2_meteorology,0.003814875294554687,,0.003814875294554687,0.003814875294554687,-0.001109407609819633,446.0,446,0,0.003814875294554687,0.00046788091505800517,,0.003814875294554687
447,src_merra_aer_SO4SMASS_wmean_250km_roll3_mean,src_merra_aer_SO4SMASS_wmean_250km,merra2_aerosol,0.0038128689087599944,,0.0038128689087599944,0.0038128689087599944,8.267501246792217e-05,447.0,447,0,0.0038128689087599944,0.0002926641493675359,,0.0038128689087599944
448,src_merra_slv_U250_wmean_100km,src_merra_slv_U250_wmean_100km,merra2_meteorology,0.0037966908879051966,,0.0037966908879051966,0.0037966908879051966,0.0006377485495931073,448.0,448,0,0.0037966908879051966,0.0003335310187875621,,0.0037966908879051966
449,src_merra_flx_TLML_wmean_500km_lag1,src_merra_flx_TLML_wmean_500km,merra2_meteorology,0.003768332965441336,,0.003768332965441336,0.003768332965441336,0.0006665783566385977,449.0,449,0,0.003768332965441336,0.00039162249897581997,,0.003768332965441336
450,src_merra_flx_QLML_wmean_100km_lag1,src_merra_flx_QLML_wmean_100km,merra2_meteorology,0.0037668375512251817,,0.0037668375512251817,0.0037668375512251817,0.000900279586686827,450.0,450,0,0.0037668375512251817,0.0002619763391333013,,0.0037668375512251817
451,src_merra_slv_V500_wmean_250km_roll3_min,src_merra_slv_V500_wmean_250km,merra2_meteorology,0.0037663854909317953,,0.0037663854909317953,0.0037663854909317953,-0.000490710746591448,451.0,451,0,0.0037663854909317953,0.00030037807649361116,,0.0037663854909317953
452,src_merra_aer_BCEXTTAU_wmean_500km_roll3_max,src_merra_aer_BCEXTTAU_wmean_500km,merra2_aerosol,0.0037655852296835227,,0.0037655852296835227,0.0037655852296835227,0.0010282809738668345,452.0,452,0,0.0037655852296835227,0.0003068207176129859,,0.0037655852296835227
453,src_merra_aer_BCSMASS_wmean_1000km_roll3_max,src_merra_aer_BCSMASS_wmean_1000km,merra2_aerosol,0.003760144841512873,,0.003760144841512873,0.003760144841512873,-0.00012676668371112659,453.0,453,0,0.003760144841512873,0.00033932014398001687,,0.003760144841512873
454,src_merra_aer_BCSMASS_wmean_100km_roll3_min,src_merra_aer_BCSMASS_wmean_100km,merra2_aerosol,0.003753827084604803,,0.003753827084604803,0.003753827084604803,-0.00039281437614345304,454.0,454,0,0.003753827084604803,0.0003100867334944112,,0.003753827084604803
455,src_merra_flx_SPEED_wmean_500km_roll3_min,src_merra_flx_SPEED_wmean_500km,merra2_meteorology,0.0037523168620250506,,0.0037523168620250506,0.0037523168620250506,-0.0006667590000984068,455.0,455,0,0.0037523168620250506,0.00038153560744220267,,0.0037523168620250506
456,src_merra_aer_SO4SMASS_wmean_1000km_roll3_max,src_merra_aer_SO4SMASS_wmean_1000km,merra2_aerosol,0.0037494605794430877,,0.0037494605794430877,0.0037494605794430877,0.00014889044397050028,456.0,456,0,0.0037494605794430877,0.0003643577311331096,,0.0037494605794430877
457,src_merra_aer_BCSMASS_wmean_250km_roll3_min,src_merra_aer_BCSMASS_wmean_250km,merra2_aerosol,0.0037443671155503303,,0.0037443671155503303,0.0037443671155503303,-0.0002288604597920482,457.0,457,0,0.0037443671155503303,0.0004399360104179543,,0.0037443671155503303
458,src_merra_slv_U500_wmean_100km,src_merra_slv_U500_wmean_100km,merra2_meteorology,0.003711583407767311,,0.003711583407767311,0.003711583407767311,0.0003773783830843495,458.0,458,0,0.003711583407767311,0.00026215637631578874,,0.003711583407767311
459,src_merra_slv_V500_wmean_1000km_roll3_mean,src_merra_slv_V500_wmean_1000km,merra2_meteorology,0.003697697658381105,,0.003697697658381105,0.003697697658381105,0.0005754243871798436,459.0,459,0,0.003697697658381105,0.0003684028335343981,,0.003697697658381105
460,src_viirs_count_100km,src_viirs_count_100km,wildfire_smoke,0.0036909898965997116,,0.0036909898965997116,0.0036909898965997116,0.0014254237590159758,460.0,460,0,0.0036909898965997116,0.0014292417293157356,,0.0036909898965997116
461,src_merra_slv_U250_wmean_1000km_lag1,src_merra_slv_U250_wmean_1000km,merra2_meteorology,0.003683752902551646,,0.003683752902551646,0.003683752902551646,0.0005685286823168364,461.0,461,0,0.003683752902551646,0.00033394321012454657,,0.003683752902551646
462,src_merra_slv_U500_wmean_250km_roll3_min,src_merra_slv_U500_wmean_250km,merra2_meteorology,0.0036761453515260383,,0.0036761453515260383,0.0036761453515260383,-0.0013609256413927807,462.0,462,0,0.0036761453515260383,0.00031366737348121585,,0.0036761453515260383
463,src_merra_flx_PBLH_wmean_1000km_roll3_min,src_merra_flx_PBLH_wmean_1000km,merra2_meteorology,0.003669992831426182,,0.003669992831426182,0.003669992831426182,0.00032543621129922597,463.0,463,0,0.003669992831426182,0.00033443898587605186,,0.003669992831426182
464,src_merra_flx_TLML_wmean_1000km_roll7_min,src_merra_flx_TLML_wmean_1000km,merra2_meteorology,0.003664175233813632,,0.003664175233813632,0.003664175233813632,0.0005656484075015785,464.0,464,0,0.003664175233813632,0.00026934177705198237,,0.003664175233813632
465,src_merra_flx_SPEED_wmean_1000km_roll7_min,src_merra_flx_SPEED_wmean_1000km,merra2_meteorology,0.0036443867568681765,,0.0036443867568681765,0.0036443867568681765,4.482704216939809e-05,465.0,465,0,0.0036443867568681765,0.00030556780847128885,,0.0036443867568681765
466,src_merra_aer_BCEXTTAU_wmean_100km_roll7_min,src_merra_aer_BCEXTTAU_wmean_100km,merra2_aerosol,0.0036325910083623305,,0.0036325910083623305,0.0036325910083623305,0.0010389338999764706,466.0,466,0,0.0036325910083623305,0.00029867790787602546,,0.0036325910083623305
467,src_merra_slv_U500_wmean_1000km_roll3_mean,src_merra_slv_U500_wmean_1000km,merra2_meteorology,0.003612273372633165,,0.003612273372633165,0.003612273372633165,-0.00022526139632968506,467.0,467,0,0.003612273372633165,0.0005458825242393996,,0.003612273372633165
468,src_merra_aer_SUEXTTAU_wmean_1000km_roll3_mean,src_merra_aer_SUEXTTAU_wmean_1000km,merra2_aerosol,0.0035931534796807114,,0.0035931534796807114,0.0035931534796807114,2.865301503175532e-05,468.0,468,0,0.0035931534796807114,0.0004085675527624357,,0.0035931534796807114
469,src_merra_slv_V850_wmean_100km_roll7_min,src_merra_slv_V850_wmean_100km,merra2_meteorology,0.003592394270118546,,0.003592394270118546,0.003592394270118546,-0.0006042957121454476,469.0,469,0,0.003592394270118546,0.0004273127477223942,,0.003592394270118546
470,src_merra_aer_BCSMASS_wmean_500km_roll7_min,src_merra_aer_BCSMASS_wmean_500km,merra2_aerosol,0.003586150275192693,,0.003586150275192693,0.003586150275192693,0.00021723312082029956,470.0,470,0,0.003586150275192693,0.00044373552146045165,,0.003586150275192693
471,src_merra_slv_U250_wmean_1000km_roll3_mean,src_merra_slv_U250_wmean_1000km,merra2_meteorology,0.003584591384992924,,0.003584591384992924,0.003584591384992924,0.00036716734187970657,471.0,471,0,0.003584591384992924,0.00039576203638961454,,0.003584591384992924
472,src_merra_aer_BCSMASS_wmean_100km_roll7_min,src_merra_aer_BCSMASS_wmean_100km,merra2_aerosol,0.0035816939985852513,,0.0035816939985852513,0.0035816939985852513,0.00032329044216126594,472.0,472,0,0.0035816939985852513,0.00032104161750578386,,0.0035816939985852513
473,src_merra_flx_PBLH_wmean_100km_roll7_mean,src_merra_flx_PBLH_wmean_100km,merra2_meteorology,0.0035424265680542664,,0.0035424265680542664,0.0035424265680542664,-0.0005571900933010639,473.0,473,0,0.0035424265680542664,0.0003021334914321064,,0.0035424265680542664
474,src_merra_slv_V250_wmean_1000km_roll7_mean,src_merra_slv_V250_wmean_1000km,merra2_meteorology,0.0035404876940639102,,0.0035404876940639102,0.0035404876940639102,3.7988678713529365e-05,474.0,474,0,0.0035404876940639102,0.00034923163020625576,,0.0035404876940639102
475,src_viirs_dist_nearest_1000km_roll3_max,src_viirs_dist_nearest_1000km,wildfire_smoke,0.003536502889790217,,0.003536502889790217,0.003536502889790217,0.00036270372630384554,475.0,475,0,0.003536502889790217,0.0003702097235857286,,0.003536502889790217
476,src_merra_slv_V250_wmean_250km_roll7_mean,src_merra_slv_V250_wmean_250km,merra2_meteorology,0.003535300714231717,,0.003535300714231717,0.003535300714231717,-0.00012518661857307894,476.0,476,0,0.003535300714231717,0.00031238247555891635,,0.003535300714231717
477,src_merra_flx_SPEED_wmean_250km_roll7_max,src_merra_flx_SPEED_wmean_250km,merra2_meteorology,0.0035304317625458235,,0.0035304317625458235,0.0035304317625458235,-0.0007321705021792627,477.0,477,0,0.0035304317625458235,0.0003108346445964882,,0.0035304317625458235
478,src_merra_flx_SPEED_wmean_250km_roll3_mean,src_merra_flx_SPEED_wmean_250km,merra2_meteorology,0.0035246364251933734,,0.0035246364251933734,0.0035246364251933734,-0.0006704793064812529,478.0,478,0,0.0035246364251933734,0.00028428612357096327,,0.0035246364251933734
479,src_merra_flx_TLML_wmean_250km_roll3_mean,src_merra_flx_TLML_wmean_250km,merra2_meteorology,0.003520609524586375,,0.003520609524586375,0.003520609524586375,0.00203825763845146,479.0,479,0,0.003520609524586375,0.00053773267090201,,0.003520609524586375
480,src_merra_aer_SO4SMASS_wmean_250km_roll3_max,src_merra_aer_SO4SMASS_wmean_250km,merra2_aerosol,0.003508666962851113,,0.003508666962851113,0.003508666962851113,0.0005094697415126494,480.0,480,0,0.003508666962851113,0.0003902446732745288,,0.003508666962851113
481,src_merra_flx_QLML_wmean_100km_roll7_max,src_merra_flx_QLML_wmean_100km,merra2_meteorology,0.0035065690607682097,,0.0035065690607682097,0.0035065690607682097,0.0009072863293516174,481.0,481,0,0.0035065690607682097,0.0002974742392772546,,0.0035065690607682097
482,src_viirs_dist_nearest_500km_lag1,src_viirs_dist_nearest_500km,wildfire_smoke,0.003492054041399047,,0.003492054041399047,0.003492054041399047,-0.00031630959827609026,482.0,482,0,0.003492054041399047,0.00041179837356446246,,0.003492054041399047
483,src_merra_aer_SO4SMASS_wmean_1000km_roll3_min,src_merra_aer_SO4SMASS_wmean_1000km,merra2_aerosol,0.00348675067628588,,0.00348675067628588,0.00348675067628588,0.0001180074877827107,483.0,483,0,0.00348675067628588,0.00030187528628841556,,0.00348675067628588
484,src_merra_flx_PBLH_wmean_500km_roll3_min,src_merra_flx_PBLH_wmean_500km,merra2_meteorology,0.0034767195075233286,,0.0034767195075233286,0.0034767195075233286,-5.071831639491003e-05,484.0,484,0,0.0034767195075233286,0.0003163953622371232,,0.0034767195075233286
485,src_viirs_count_250km_roll3_min,src_viirs_count_250km,wildfire_smoke,0.003458390953279656,,0.003458390953279656,0.003458390953279656,0.0005748152484482639,485.0,485,0,0.003458390953279656,0.0005748231364523745,,0.003458390953279656
486,src_merra_aer_BCSMASS_wmean_250km_roll7_min,src_merra_aer_BCSMASS_wmean_250km,merra2_aerosol,0.00345737079450246,,0.00345737079450246,0.00345737079450246,-0.000442384987976941,486.0,486,0,0.00345737079450246,0.00034880659988212315,,0.00345737079450246
487,src_merra_aer_SUEXTTAU_wmean_250km_roll3_min,src_merra_aer_SUEXTTAU_wmean_250km,merra2_aerosol,0.00345267859870062,,0.00345267859870062,0.00345267859870062,-0.00036146652520862313,487.0,487,0,0.00345267859870062,0.00027528845093185,,0.00345267859870062
488,src_merra_aer_BCSMASS_wmean_1000km_roll3_mean,src_merra_aer_BCSMASS_wmean_1000km,merra2_aerosol,0.00344382170785159,,0.00344382170785159,0.00344382170785159,-0.0005596080236815969,488.0,488,0,0.00344382170785159,0.00033294195603225776,,0.00344382170785159
489,src_merra_aer_DUSMASS25_wmean_1000km_roll3_mean,src_merra_aer_DUSMASS25_wmean_1000km,merra2_aerosol,0.0034427246639818377,,0.0034427246639818377,0.0034427246639818377,-0.0003060076738146842,489.0,489,0,0.0034427246639818377,0.000260290201435057,,0.0034427246639818377
490,src_merra_aer_BCEXTTAU_wmean_250km_roll7_max,src_merra_aer_BCEXTTAU_wmean_250km,merra2_aerosol,0.0034355845613980654,,0.0034355845613980654,0.0034355845613980654,-0.00019857711354217145,490.0,490,0,0.0034355845613980654,0.0002852979245725095,,0.0034355845613980654
491,src_merra_aer_SUEXTTAU_wmean_250km_roll3_max,src_merra_aer_SUEXTTAU_wmean_250km,merra2_aerosol,0.003430184639142817,,0.003430184639142817,0.003430184639142817,0.00011619104701096221,491.0,491,0,0.003430184639142817,0.0002988320716339621,,0.003430184639142817
492,src_merra_slv_U500_wmean_500km_roll3_max,src_merra_slv_U500_wmean_500km,merra2_meteorology,0.0034253957104861594,,0.0034253957104861594,0.0034253957104861594,0.00023209580479538935,492.0,492,0,0.0034253957104861594,0.0002815644230446249,,0.0034253957104861594
493,src_merra_slv_V250_wmean_250km_roll7_max,src_merra_slv_V250_wmean_250km,merra2_meteorology,0.00341069898495008,,0.00341069898495008,0.00341069898495008,0.0002224556989806186,493.0,493,0,0.00341069898495008,0.00032436646133208585,,0.00341069898495008
494,src_merra_slv_V500_wmean_500km_roll3_max,src_merra_slv_V500_wmean_500km,merra2_meteorology,0.003391600883285782,,0.003391600883285782,0.003391600883285782,-0.00044946755112941484,494.0,494,0,0.003391600883285782,0.0003598006316185102,,0.003391600883285782
495,src_merra_slv_U850_wmean_250km_roll3_min,src_merra_slv_U850_wmean_250km,merra2_meteorology,0.003379197817988689,,0.003379197817988689,0.003379197817988689,-0.0003057272125336363,495.0,495,0,0.003379197817988689,0.0002934189818834692,,0.003379197817988689
496,src_viirs_count_250km_roll3_mean,src_viirs_count_250km,wildfire_smoke,0.003376702695743143,,0.003376702695743143,0.003376702695743143,-0.0008231621347004059,496.0,496,0,0.003376702695743143,0.0003371299499754709,,0.003376702695743143
497,src_merra_aer_BCSMASS_wmean_500km_roll3_mean,src_merra_aer_BCSMASS_wmean_500km,merra2_aerosol,0.003371850237839635,,0.003371850237839635,0.003371850237839635,-0.0012316934467992166,497.0,497,0,0.003371850237839635,0.00027211436950503405,,0.003371850237839635
498,src_merra_aer_SO4SMASS_wmean_500km_lag1,src_merra_aer_SO4SMASS_wmean_500km,merra2_aerosol,0.003334644219834161,,0.003334644219834161,0.003334644219834161,0.00018732452660965697,498.0,498,0,0.003334644219834161,0.00022376570159426105,,0.003334644219834161
499,src_merra_slv_V500_wmean_1000km_roll3_min,src_merra_slv_V500_wmean_1000km,merra2_meteorology,0.0033318483108948005,,0.0033318483108948005,0.0033318483108948005,-8.813062383358011e-05,499.0,499,0,0.0033318483108948005,0.0003062846435538128,,0.0033318483108948005
500,src_merra_flx_PBLH_wmean_100km_roll7_min,src_merra_flx_PBLH_wmean_100km,merra2_meteorology,0.0033311193172375245,,0.0033311193172375245,0.0033311193172375245,0.0002892378982076794,500.0,500,0,0.0033311193172375245,0.00025791084684702466,,0.0033311193172375245
501,src_merra_slv_V500_wmean_500km_roll7_mean,src_merra_slv_V500_wmean_500km,merra2_meteorology,0.0033293551875812,,0.0033293551875812,0.0033293551875812,-0.0005645891531699506,501.0,501,0,0.0033293551875812,0.0002976953681433044,,0.0033293551875812
502,src_viirs_dist_nearest_1000km_lag1,src_viirs_dist_nearest_1000km,wildfire_smoke,0.003324118367152264,,0.003324118367152264,0.003324118367152264,0.0006111355749087684,502.0,502,0,0.003324118367152264,0.00027648008686968545,,0.003324118367152264
503,src_viirs_dist_nearest_100km_roll3_mean,src_viirs_dist_nearest_100km,wildfire_smoke,0.0033157681058143527,,0.0033157681058143527,0.0033157681058143527,-0.0010709688421417388,503.0,503,0,0.0033157681058143527,0.0003597079633658459,,0.0033157681058143527
504,src_merra_slv_U850_wmean_250km_roll3_max,src_merra_slv_U850_wmean_250km,merra2_meteorology,0.0033131608351228688,,0.0033131608351228688,0.0033131608351228688,-0.0009557484548579073,504.0,504,0,0.0033131608351228688,0.00024550097885298234,,0.0033131608351228688
505,src_merra_slv_V850_wmean_500km_roll3_max,src_merra_slv_V850_wmean_500km,merra2_meteorology,0.0032988658018801445,,0.0032988658018801445,0.0032988658018801445,0.0012331527118339901,505.0,505,0,0.0032988658018801445,0.00030247530605615293,,0.0032988658018801445
506,src_merra_aer_OCSMASS_wmean_250km_roll3_mean,src_merra_aer_OCSMASS_wmean_250km,merra2_aerosol,0.003298641395184623,,0.003298641395184623,0.003298641395184623,-4.2011679682693396e-05,506.0,506,0,0.003298641395184623,0.0003156034031838618,,0.003298641395184623
507,src_merra_aer_SUEXTTAU_wmean_100km_roll7_max,src_merra_aer_SUEXTTAU_wmean_100km,merra2_aerosol,0.003286093568273694,,0.003286093568273694,0.003286093568273694,0.00039930198601529824,507.0,507,0,0.003286093568273694,0.0003710789385226476,,0.003286093568273694
508,src_merra_slv_U500_wmean_500km,src_merra_slv_U500_wmean_500km,merra2_meteorology,0.003283069768727937,,0.003283069768727937,0.003283069768727937,-0.0006887651450797384,508.0,508,0,0.003283069768727937,0.0002627296946346718,,0.003283069768727937
509,src_merra_slv_V850_wmean_100km_roll7_max,src_merra_slv_V850_wmean_100km,merra2_meteorology,0.0032801624937894894,,0.0032801624937894894,0.0032801624937894894,0.00033000922023752855,509.0,509,0,0.0032801624937894894,0.00026568453100319267,,0.0032801624937894894
510,src_merra_flx_TLML_wmean_100km_roll7_mean,src_merra_flx_TLML_wmean_100km,merra2_meteorology,0.0032717326469419916,,0.0032717326469419916,0.0032717326469419916,0.0011967712141396504,510.0,510,0,0.0032717326469419916,0.0002714751619277531,,0.0032717326469419916
511,src_merra_slv_U850_wmean_100km_lag1,src_merra_slv_U850_wmean_100km,merra2_meteorology,0.0032693045356725157,,0.0032693045356725157,0.0032693045356725157,-0.00036691768649081496,511.0,511,0,0.0032693045356725157,0.0003187730370384827,,0.0032693045356725157
512,src_merra_slv_U500_wmean_1000km_roll3_min,src_merra_slv_U500_wmean_1000km,merra2_meteorology,0.0032660760164060706,,0.0032660760164060706,0.0032660760164060706,0.0002950306177989144,512.0,512,0,0.0032660760164060706,0.0004123287858695461,,0.0032660760164060706
513,src_merra_slv_V250_wmean_500km_roll3_mean,src_merra_slv_V250_wmean_500km,merra2_meteorology,0.003265253042900982,,0.003265253042900982,0.003265253042900982,-0.0010232349531101594,513.0,513,0,0.003265253042900982,0.00028976365183224704,,0.003265253042900982
514,src_merra_slv_U850_wmean_100km_roll3_min,src_merra_slv_U850_wmean_100km,merra2_meteorology,0.003264084239921294,,0.003264084239921294,0.003264084239921294,-0.00017120310230915264,514.0,514,0,0.003264084239921294,0.0004656551049377712,,0.003264084239921294
515,src_merra_slv_V250_wmean_100km_roll3_mean,src_merra_slv_V250_wmean_100km,merra2_meteorology,0.003258607104837702,,0.003258607104837702,0.003258607104837702,-0.0006283121600439174,515.0,515,0,0.003258607104837702,0.00023554430741149225,,0.003258607104837702
516,src_merra_aer_BCSMASS_wmean_100km_roll3_max,src_merra_aer_BCSMASS_wmean_100km,merra2_aerosol,0.003245853145199403,,0.003245853145199403,0.003245853145199403,-0.0006223558384202256,516.0,516,0,0.003245853145199403,0.0003359165517427959,,0.003245853145199403
517,src_merra_flx_SPEED_wmean_100km_roll7_mean,src_merra_flx_SPEED_wmean_100km,merra2_meteorology,0.003240808199225316,,0.003240808199225316,0.003240808199225316,-0.0010664881697512822,517.0,517,0,0.003240808199225316,0.0002353790629809677,,0.003240808199225316
518,src_merra_slv_U850_wmean_250km_roll3_mean,src_merra_slv_U850_wmean_250km,merra2_meteorology,0.003234311760312493,,0.003234311760312493,0.003234311760312493,0.0003473756224374296,518.0,518,0,0.003234311760312493,0.00028806809883854064,,0.003234311760312493
519,src_viirs_dist_nearest_100km_lag1,src_viirs_dist_nearest_100km,wildfire_smoke,0.0032333581294616692,,0.0032333581294616692,0.0032333581294616692,0.0005800388781256942,519.0,519,0,0.0032333581294616692,0.00042684523150044796,,0.0032333581294616692
520,src_merra_aer_BCEXTTAU_wmean_100km_roll7_mean,src_merra_aer_BCEXTTAU_wmean_100km,merra2_aerosol,0.0032291857644651894,,0.0032291857644651894,0.0032291857644651894,0.0010527275386232916,520.0,520,0,0.0032291857644651894,0.0002990545233655871,,0.0032291857644651894
521,src_merra_aer_BCEXTTAU_wmean_100km_lag1,src_merra_aer_BCEXTTAU_wmean_100km,merra2_aerosol,0.0032065753058898075,,0.0032065753058898075,0.0032065753058898075,0.0011010248418676474,521.0,521,0,0.0032065753058898075,0.00024570466608015313,,0.0032065753058898075
522,src_merra_aer_BCEXTTAU_wmean_250km_roll3_mean,src_merra_aer_BCEXTTAU_wmean_250km,merra2_aerosol,0.0032005410749186385,,0.0032005410749186385,0.0032005410749186385,-0.00045456708952648926,522.0,522,0,0.0032005410749186385,0.0003280814245316855,,0.0032005410749186385
523,src_merra_slv_V250_wmean_100km_roll7_min,src_merra_slv_V250_wmean_100km,merra2_meteorology,0.0031876219642681934,,0.0031876219642681934,0.0031876219642681934,9.452723328404811e-05,523.0,523,0,0.0031876219642681934,0.00041325357411969925,,0.0031876219642681934
524,src_merra_flx_SPEED_wmean_250km_roll3_max,src_merra_flx_SPEED_wmean_250km,merra2_meteorology,0.0031676774331879367,,0.0031676774331879367,0.0031676774331879367,-0.0005781557279540557,524.0,524,0,0.0031676774331879367,0.0002681564190448559,,0.0031676774331879367
525,src_viirs_dist_nearest_100km,src_viirs_dist_nearest_100km,wildfire_smoke,0.003159377340823071,,0.003159377340823071,0.003159377340823071,-0.0007696195658037107,525.0,525,0,0.003159377340823071,0.00029671076420739246,,0.003159377340823071
526,src_merra_aer_BCEXTTAU_wmean_1000km_roll3_max,src_merra_aer_BCEXTTAU_wmean_1000km,merra2_aerosol,0.003130799896033001,,0.003130799896033001,0.003130799896033001,0.001293195151353512,526.0,526,0,0.003130799896033001,0.0002650941920936666,,0.003130799896033001
527,src_merra_slv_U850_wmean_100km_roll7_min,src_merra_slv_U850_wmean_100km,merra2_meteorology,0.0031260004418127317,,0.0031260004418127317,0.0031260004418127317,-0.0003870202104684109,527.0,527,0,0.0031260004418127317,0.0002456633621410247,,0.0031260004418127317
528,src_merra_aer_OCSMASS_wmean_250km_roll3_min,src_merra_aer_OCSMASS_wmean_250km,merra2_aerosol,0.003121061602334071,,0.003121061602334071,0.003121061602334071,0.0002651255018970997,528.0,528,0,0.003121061602334071,0.0002335827399769203,,0.003121061602334071
529,src_merra_flx_SPEED_wmean_100km_roll3_min,src_merra_flx_SPEED_wmean_100km,merra2_meteorology,0.0031135208324086596,,0.0031135208324086596,0.0031135208324086596,-0.0005256939926180695,529.0,529,0,0.0031135208324086596,0.00028935870358170595,,0.0031135208324086596
530,src_merra_slv_U850_wmean_250km_roll7_max,src_merra_slv_U850_wmean_250km,merra2_meteorology,0.0030993072369577333,,0.0030993072369577333,0.0030993072369577333,-0.0002741112813461036,530.0,530,0,0.0030993072369577333,0.0002801133990792365,,0.0030993072369577333
531,src_merra_flx_TLML_wmean_100km_roll7_min,src_merra_flx_TLML_wmean_100km,merra2_meteorology,0.0030985942987650015,,0.0030985942987650015,0.0030985942987650015,0.0007184240020316169,531.0,531,0,0.0030985942987650015,0.00022868431109927253,,0.0030985942987650015
532,src_merra_aer_SUEXTTAU_wmean_1000km_roll3_max,src_merra_aer_SUEXTTAU_wmean_1000km,merra2_aerosol,0.0030977828715988845,,0.0030977828715988845,0.0030977828715988845,0.00032479852992101576,532.0,532,0,0.0030977828715988845,0.000248140903299407,,0.0030977828715988845
533,src_merra_flx_SPEED_wmean_1000km_roll7_mean,src_merra_flx_SPEED_wmean_1000km,merra2_meteorology,0.0030682260629394786,,0.0030682260629394786,0.0030682260629394786,0.00023113877020180547,533.0,533,0,0.0030682260629394786,0.00023071540966587245,,0.0030682260629394786
534,src_merra_slv_U250_wmean_100km_lag1,src_merra_slv_U250_wmean_100km,merra2_meteorology,0.003068162587533586,,0.003068162587533586,0.003068162587533586,0.0006505913446329617,534.0,534,0,0.003068162587533586,0.0002478046301611485,,0.003068162587533586
535,src_viirs_dist_nearest_1000km_roll3_mean,src_viirs_dist_nearest_1000km,wildfire_smoke,0.0030674195441540444,,0.0030674195441540444,0.0030674195441540444,-0.00037286928053649894,535.0,535,0,0.0030674195441540444,0.0002940733521475305,,0.0030674195441540444
536,src_merra_aer_DUSMASS25_wmean_250km_roll7_mean,src_merra_aer_DUSMASS25_wmean_250km,merra2_aerosol,0.003047792705537938,,0.003047792705537938,0.003047792705537938,-5.9257219093782645e-05,536.0,536,0,0.003047792705537938,0.0003353405797383866,,0.003047792705537938
537,src_merra_slv_V250_wmean_500km_roll3_min,src_merra_slv_V250_wmean_500km,merra2_meteorology,0.0030347670536043205,,0.0030347670536043205,0.0030347670536043205,-0.00046697135027447175,537.0,537,0,0.0030347670536043205,0.00027915045111346124,,0.0030347670536043205
538,src_merra_aer_BCEXTTAU_wmean_100km_roll3_min,src_merra_aer_BCEXTTAU_wmean_100km,merra2_aerosol,0.003017543340712456,,0.003017543340712456,0.003017543340712456,0.0016696171711019854,538.0,538,0,0.003017543340712456,0.00043555613162198136,,0.003017543340712456
539,src_merra_aer_SO4SMASS_wmean_500km_roll3_max,src_merra_aer_SO4SMASS_wmean_500km,merra2_aerosol,0.003017350513243889,,0.003017350513243889,0.003017350513243889,9.603543341776422e-06,539.0,539,0,0.003017350513243889,0.0003376972843481671,,0.003017350513243889
540,src_merra_aer_OCSMASS_wmean_100km_roll7_min,src_merra_aer_OCSMASS_wmean_100km,merra2_aerosol,0.003016811642127774,,0.003016811642127774,0.003016811642127774,0.0009775332845956281,540.0,540,0,0.003016811642127774,0.0003104293755753001,,0.003016811642127774
541,src_merra_aer_SUEXTTAU_wmean_100km_roll7_mean,src_merra_aer_SUEXTTAU_wmean_100km,merra2_aerosol,0.0030106461990328805,,0.0030106461990328805,0.0030106461990328805,0.00024030779451155267,541.0,541,0,0.0030106461990328805,0.00026056406640032206,,0.0030106461990328805
542,src_viirs_count_100km_roll3_max,src_viirs_count_100km,wildfire_smoke,0.002991002746568932,,0.002991002746568932,0.002991002746568932,0.0011329372714778151,542.0,542,0,0.002991002746568932,0.00026422253432327935,,0.002991002746568932
543,src_merra_aer_OCSMASS_wmean_250km_roll7_min,src_merra_aer_OCSMASS_wmean_250km,merra2_aerosol,0.0029878443600683466,,0.0029878443600683466,0.0029878443600683466,4.5274899008948286e-05,543.0,543,0,0.0029878443600683466,0.0002201847364808598,,0.0029878443600683466
544,src_merra_aer_DUSMASS25_wmean_100km_roll7_mean,src_merra_aer_DUSMASS25_wmean_100km,merra2_aerosol,0.0029769131649434195,,0.0029769131649434195,0.0029769131649434195,-0.0001989581321886003,544.0,544,0,0.0029769131649434195,0.00023015424264046305,,0.0029769131649434195
545,src_merra_slv_U850_wmean_100km_roll7_mean,src_merra_slv_U850_wmean_100km,merra2_meteorology,0.0029760934368982324,,0.0029760934368982324,0.0029760934368982324,-0.0005287364445748083,545.0,545,0,0.0029760934368982324,0.000281226352631265,,0.0029760934368982324
546,src_merra_aer_DUSMASS25_wmean_100km_roll7_max,src_merra_aer_DUSMASS25_wmean_100km,merra2_aerosol,0.002954933905233829,,0.002954933905233829,0.002954933905233829,-0.0005693442820203795,546.0,546,0,0.002954933905233829,0.00031048145280192425,,0.002954933905233829
547,AOD_047,AOD_047,satellite_aod,0.002954162251365974,,0.002954162251365974,0.002954162251365974,-0.002453459426491656,547.0,547,0,0.002954162251365974,0.0004960197117383475,,0.002954162251365974
548,src_merra_slv_U850_wmean_500km_roll7_max,src_merra_slv_U850_wmean_500km,merra2_meteorology,0.0029360189642366947,,0.0029360189642366947,0.0029360189642366947,-0.0004804782599462931,548.0,548,0,0.0029360189642366947,0.00021229946479599284,,0.0029360189642366947
549,src_merra_slv_U250_wmean_100km_roll3_max,src_merra_slv_U250_wmean_100km,merra2_meteorology,0.002930034713579299,,0.002930034713579299,0.002930034713579299,-0.0004158061512510273,549.0,549,0,0.002930034713579299,0.0003400497010819657,,0.002930034713579299
550,src_merra_slv_V850_wmean_100km_roll3_min,src_merra_slv_V850_wmean_100km,merra2_meteorology,0.0029163504576905684,,0.0029163504576905684,0.0029163504576905684,-3.50756903967693e-05,550.0,550,0,0.0029163504576905684,0.0002349074091482926,,0.0029163504576905684
551,src_merra_flx_SPEED_wmean_100km_roll7_min,src_merra_flx_SPEED_wmean_100km,merra2_meteorology,0.002911232996481805,,0.002911232996481805,0.002911232996481805,-0.0006113644087610432,551.0,551,0,0.002911232996481805,0.00024394092278414822,,0.002911232996481805
552,src_merra_aer_BCSMASS_wmean_500km_roll3_max,src_merra_aer_BCSMASS_wmean_500km,merra2_aerosol,0.0029090596538450743,,0.0029090596538450743,0.0029090596538450743,-0.0004038407011620216,552.0,552,0,0.0029090596538450743,0.0002310621410387089,,0.0029090596538450743
553,src_merra_slv_U850_wmean_500km_roll3_min,src_merra_slv_U850_wmean_500km,merra2_meteorology,0.0028955597678652213,,0.0028955597678652213,0.0028955597678652213,-0.0005323631113328987,553.0,553,0,0.0028955597678652213,0.0002888581062258777,,0.0028955597678652213
554,src_merra_aer_SUEXTTAU_wmean_100km_lag1,src_merra_aer_SUEXTTAU_wmean_100km,merra2_aerosol,0.0028597117331931182,,0.0028597117331931182,0.0028597117331931182,6.590262770002619e-06,554.0,554,0,0.0028597117331931182,0.0004528230729690093,,0.0028597117331931182
555,src_merra_slv_U250_wmean_250km_roll3_mean,src_merra_slv_U250_wmean_250km,merra2_meteorology,0.0028464029848675174,,0.0028464029848675174,0.0028464029848675174,0.0003194908796899116,555.0,555,0,0.0028464029848675174,0.0003188492821806056,,0.0028464029848675174
556,src_merra_aer_OCSMASS_wmean_500km_roll3_max,src_merra_aer_OCSMASS_wmean_500km,merra2_aerosol,0.00284640175150235,,0.00284640175150235,0.00284640175150235,0.0003445998791094693,556.0,556,0,0.00284640175150235,0.0002613400324568765,,0.00284640175150235
557,src_merra_aer_OCSMASS_wmean_1000km_roll7_min,src_merra_aer_OCSMASS_wmean_1000km,merra2_aerosol,0.0028420286286048326,,0.0028420286286048326,0.0028420286286048326,4.6886748012857876e-05,557.0,557,0,0.0028420286286048326,0.00021040347177494998,,0.0028420286286048326
558,src_merra_aer_DUSMASS25_wmean_500km_roll7_mean,src_merra_aer_DUSMASS25_wmean_500km,merra2_aerosol,0.0028417240928352914,,0.0028417240928352914,0.0028417240928352914,-0.00035562240066834225,558.0,558,0,0.0028417240928352914,0.0002651402349343888,,0.0028417240928352914
559,src_merra_slv_V250_wmean_100km_roll3_min,src_merra_slv_V250_wmean_100km,merra2_meteorology,0.0028394798446917334,,0.0028394798446917334,0.0028394798446917334,-0.00019373793469822066,559.0,559,0,0.0028394798446917334,0.000297723217719004,,0.0028394798446917334
560,src_merra_aer_SUEXTTAU_wmean_500km_roll3_max,src_merra_aer_SUEXTTAU_wmean_500km,merra2_aerosol,0.00283323729790705,,0.00283323729790705,0.00283323729790705,0.0005014308381649427,560.0,560,0,0.00283323729790705,0.00030784185230896597,,0.00283323729790705
561,src_merra_aer_BCEXTTAU_wmean_500km_lag1,src_merra_aer_BCEXTTAU_wmean_500km,merra2_aerosol,0.0028181087349830034,,0.0028181087349830034,0.0028181087349830034,9.599136432907384e-05,561.0,561,0,0.0028181087349830034,0.00027281615091247923,,0.0028181087349830034
562,src_merra_slv_V250_wmean_500km_roll7_mean,src_merra_slv_V250_wmean_500km,merra2_meteorology,0.002814934026753518,,0.002814934026753518,0.002814934026753518,0.0002770991977948008,562.0,562,0,0.002814934026753518,0.00042705622975818534,,0.002814934026753518
563,src_merra_aer_OCSMASS_wmean_100km_roll7_max,src_merra_aer_OCSMASS_wmean_100km,merra2_aerosol,0.002801026287093756,,0.002801026287093756,0.002801026287093756,-0.0006633636548248269,563.0,563,0,0.002801026287093756,0.00023088430544069131,,0.002801026287093756
564,src_merra_aer_DUSMASS25_wmean_250km_roll3_mean,src_merra_aer_DUSMASS25_wmean_250km,merra2_aerosol,0.0027576630675002706,,0.0027576630675002706,0.0027576630675002706,0.0007163559903861504,564.0,564,0,0.0027576630675002706,0.00032638471219127463,,0.0027576630675002706
565,src_merra_slv_V250_wmean_100km_lag1,src_merra_slv_V250_wmean_100km,merra2_meteorology,0.002753009817125303,,0.002753009817125303,0.002753009817125303,7.621800194927466e-06,565.0,565,0,0.002753009817125303,0.00028327480420822776,,0.002753009817125303
566,src_merra_aer_SO4SMASS_wmean_100km_roll7_max,src_merra_aer_SO4SMASS_wmean_100km,merra2_aerosol,0.0027458802306077777,,0.0027458802306077777,0.0027458802306077777,-0.0001781915122727085,566.0,566,0,0.0027458802306077777,0.0002014264504722487,,0.0027458802306077777
567,src_merra_slv_U250_wmean_100km_roll7_max,src_merra_slv_U250_wmean_100km,merra2_meteorology,0.002735761447698094,,0.002735761447698094,0.002735761447698094,-0.0003473891128824026,567.0,567,0,0.002735761447698094,0.00021086239825325953,,0.002735761447698094
568,src_merra_flx_SPEED_wmean_500km_roll7_mean,src_merra_flx_SPEED_wmean_500km,merra2_meteorology,0.002711372439995458,,0.002711372439995458,0.002711372439995458,-0.0008403616928824133,568.0,568,0,0.002711372439995458,0.0002864178484167193,,0.002711372439995458
569,src_merra_slv_V500_wmean_500km_roll3_mean,src_merra_slv_V500_wmean_500km,merra2_meteorology,0.0027107819055289303,,0.0027107819055289303,0.0027107819055289303,-0.00035751596756799153,569.0,569,0,0.0027107819055289303,0.00028847250571013334,,0.0027107819055289303
570,src_merra_aer_OCSMASS_wmean_250km_roll3_max,src_merra_aer_OCSMASS_wmean_250km,merra2_aerosol,0.0026776208615341573,,0.0026776208615341573,0.0026776208615341573,1.3116443996390427e-05,570.0,570,0,0.0026776208615341573,0.00019454121180552926,,0.0026776208615341573
571,src_merra_aer_SO4SMASS_wmean_100km_roll7_min,src_merra_aer_SO4SMASS_wmean_100km,merra2_aerosol,0.002641297589796998,,0.002641297589796998,0.002641297589796998,-3.625090886876225e-05,571.0,571,0,0.002641297589796998,0.0002827085032053269,,0.002641297589796998
572,src_merra_aer_SUEXTTAU_wmean_100km_roll3_min,src_merra_aer_SUEXTTAU_wmean_100km,merra2_aerosol,0.00262722820726893,,0.00262722820726893,0.00262722820726893,0.0004108614468910321,572.0,572,0,0.00262722820726893,0.0002035421899401153,,0.00262722820726893
573,src_merra_slv_V850_wmean_100km_roll3_max,src_merra_slv_V850_wmean_100km,merra2_meteorology,0.002624576368337175,,0.002624576368337175,0.002624576368337175,0.000940599711267939,573.0,573,0,0.002624576368337175,0.0003242434377199634,,0.002624576368337175
574,src_merra_flx_TLML_wmean_100km_roll3_max,src_merra_flx_TLML_wmean_100km,merra2_meteorology,0.002608094111422635,,0.002608094111422635,0.002608094111422635,-8.926896743003311e-05,574.0,574,0,0.002608094111422635,0.00018411829650804055,,0.002608094111422635
575,src_merra_aer_BCEXTTAU_wmean_1000km_roll3_mean,src_merra_aer_BCEXTTAU_wmean_1000km,merra2_aerosol,0.002595349946739879,,0.002595349946739879,0.002595349946739879,0.0010146264266576767,575.0,575,0,0.002595349946739879,0.00018493279338075997,,0.002595349946739879
576,src_merra_slv_V500_wmean_250km_roll3_mean,src_merra_slv_V500_wmean_250km,merra2_meteorology,0.002589308225553541,,0.002589308225553541,0.002589308225553541,-0.0006599629762123371,576.0,576,0,0.002589308225553541,0.0002277383292994411,,0.002589308225553541
577,src_merra_slv_U850_wmean_100km_roll7_max,src_merra_slv_U850_wmean_100km,merra2_meteorology,0.0025866120068549466,,0.0025866120068549466,0.0025866120068549466,0.0005669970083843725,577.0,577,0,0.0025866120068549466,0.00023046958340831476,,0.0025866120068549466
578,src_merra_aer_OCSMASS_wmean_250km_roll7_max,src_merra_aer_OCSMASS_wmean_250km,merra2_aerosol,0.0025777076987631153,,0.0025777076987631153,0.0025777076987631153,-0.0005721070812901408,578.0,578,0,0.0025777076987631153,0.0001958534151793405,,0.0025777076987631153
579,src_merra_aer_OCSMASS_wmean_100km_roll3_min,src_merra_aer_OCSMASS_wmean_100km,merra2_aerosol,0.0025563165375328007,,0.0025563165375328007,0.0025563165375328007,0.0001575056043765644,579.0,579,0,0.0025563165375328007,0.0003596963349246566,,0.0025563165375328007
580,src_merra_slv_U500_wmean_250km_roll3_max,src_merra_slv_U500_wmean_250km,merra2_meteorology,0.0025294373126038155,,0.0025294373126038155,0.0025294373126038155,0.0004602602012442602,580.0,580,0,0.0025294373126038155,0.0002641060238656449,,0.0025294373126038155
581,src_merra_aer_OCSMASS_wmean_100km_roll7_mean,src_merra_aer_OCSMASS_wmean_100km,merra2_aerosol,0.0025251105983284264,,0.0025251105983284264,0.0025251105983284264,0.0010084010070649933,581.0,581,0,0.0025251105983284264,0.00024694758194131666,,0.0025251105983284264
582,src_merra_flx_TLML_wmean_1000km_roll3_min,src_merra_flx_TLML_wmean_1000km,merra2_meteorology,0.0025192333949641994,,0.0025192333949641994,0.0025192333949641994,-0.0002205388490250465,582.0,582,0,0.0025192333949641994,0.00025244062788977716,,0.0025192333949641994
583,src_merra_aer_DUSMASS25_wmean_500km_roll3_mean,src_merra_aer_DUSMASS25_wmean_500km,merra2_aerosol,0.0024811518563529747,,0.0024811518563529747,0.0024811518563529747,-0.0003388786743830571,583.0,583,0,0.0024811518563529747,0.0002562645940865597,,0.0024811518563529747
584,src_merra_slv_U500_wmean_500km_roll3_min,src_merra_slv_U500_wmean_500km,merra2_meteorology,0.0024615717379481614,,0.0024615717379481614,0.0024615717379481614,0.0007639736551772552,584.0,584,0,0.0024615717379481614,0.0002389470853922602,,0.0024615717379481614
585,src_merra_aer_BCEXTTAU_wmean_250km_roll3_max,src_merra_aer_BCEXTTAU_wmean_250km,merra2_aerosol,0.002458955390781575,,0.002458955390781575,0.002458955390781575,0.0007942042590973205,585.0,585,0,0.002458955390781575,0.00030187815175162786,,0.002458955390781575
586,src_viirs_count_100km_roll3_mean,src_viirs_count_100km,wildfire_smoke,0.002436940156007764,,0.002436940156007764,0.002436940156007764,-0.0010706317411313243,586.0,586,0,0.002436940156007764,0.0005513692367678888,,0.002436940156007764
587,src_merra_slv_V250_wmean_100km_roll7_max,src_merra_slv_V250_wmean_100km,merra2_meteorology,0.0024141141435490383,,0.0024141141435490383,0.0024141141435490383,0.0002541990800859543,587.0,587,0,0.0024141141435490383,0.0002637691797494777,,0.0024141141435490383
588,src_merra_aer_OCSMASS_wmean_100km_lag1,src_merra_aer_OCSMASS_wmean_100km,merra2_aerosol,0.002400875487056421,,0.002400875487056421,0.002400875487056421,-0.0007065446409754607,588.0,588,0,0.002400875487056421,0.0001888413486358598,,0.002400875487056421
589,src_merra_slv_V500_wmean_100km_roll3_min,src_merra_slv_V500_wmean_100km,merra2_meteorology,0.0024000698872469234,,0.0024000698872469234,0.0024000698872469234,-0.00035488503758322504,589.0,589,0,0.0024000698872469234,0.00018024846568443287,,0.0024000698872469234
590,src_merra_aer_SUEXTTAU_wmean_100km_roll7_min,src_merra_aer_SUEXTTAU_wmean_100km,merra2_aerosol,0.002383061835502736,,0.002383061835502736,0.002383061835502736,3.036525787818914e-05,590.0,590,0,0.002383061835502736,0.00018212949367018218,,0.002383061835502736
591,src_merra_flx_TLML_wmean_100km_roll7_max,src_merra_flx_TLML_wmean_100km,merra2_meteorology,0.0023791658359766715,,0.0023791658359766715,0.0023791658359766715,0.0007381873490600089,591.0,591,0,0.0023791658359766715,0.00019060778883929892,,0.0023791658359766715
592,src_merra_aer_BCEXTTAU_wmean_500km_roll3_mean,src_merra_aer_BCEXTTAU_wmean_500km,merra2_aerosol,0.002374047772106012,,0.002374047772106012,0.002374047772106012,0.0004483678730899577,592.0,592,0,0.002374047772106012,0.00017609350274754308,,0.002374047772106012
593,src_merra_slv_V500_wmean_500km_roll3_min,src_merra_slv_V500_wmean_500km,merra2_meteorology,0.0023728695725331243,,0.0023728695725331243,0.0023728695725331243,0.0001691522912860067,593.0,593,0,0.0023728695725331243,0.0002273830222978757,,0.0023728695725331243
594,src_merra_slv_U500_wmean_100km_roll3_max,src_merra_slv_U500_wmean_100km,merra2_meteorology,0.002362955773299089,,0.002362955773299089,0.002362955773299089,6.596271023344712e-05,594.0,594,0,0.002362955773299089,0.00021249500435370654,,0.002362955773299089
595,src_merra_slv_U500_wmean_250km_roll7_mean,src_merra_slv_U500_wmean_250km,merra2_meteorology,0.002338891730657266,,0.002338891730657266,0.002338891730657266,-2.038448653678007e-05,595.0,595,0,0.002338891730657266,0.00018455767208387257,,0.002338891730657266
596,src_merra_aer_BCEXTTAU_wmean_100km_roll3_max,src_merra_aer_BCEXTTAU_wmean_100km,merra2_aerosol,0.0023252100884927724,,0.0023252100884927724,0.0023252100884927724,-4.7858500136894866e-05,596.0,596,0,0.0023252100884927724,0.00020441226456040278,,0.0023252100884927724
597,src_merra_aer_SO4SMASS_wmean_500km_roll3_mean,src_merra_aer_SO4SMASS_wmean_500km,merra2_aerosol,0.0023195687145825955,,0.0023195687145825955,0.0023195687145825955,0.0005910133352102823,597.0,597,0,0.0023195687145825955,0.00017145777649541096,,0.0023195687145825955
598,src_merra_flx_PBLH_wmean_100km_lag1,src_merra_flx_PBLH_wmean_100km,merra2_meteorology,0.0023125415478872247,,0.0023125415478872247,0.0023125415478872247,-5.5626032873391515e-05,598.0,598,0,0.0023125415478872247,0.00019329399691797448,,0.0023125415478872247
599,src_merra_slv_U500_wmean_500km_roll3_mean,src_merra_slv_U500_wmean_500km,merra2_meteorology,0.0023094809422753103,,0.0023094809422753103,0.0023094809422753103,2.8950480006775473e-05,599.0,599,0,0.0023094809422753103,0.00032073332972900275,,0.0023094809422753103
600,src_merra_aer_SO4SMASS_wmean_100km_roll3_min,src_merra_aer_SO4SMASS_wmean_100km,merra2_aerosol,0.0023087028110783114,,0.0023087028110783114,0.0023087028110783114,0.00034168100820169164,600.0,600,0,0.0023087028110783114,0.0002749761486363245,,0.0023087028110783114
601,src_merra_slv_U500_wmean_250km_roll3_mean,src_merra_slv_U500_wmean_250km,merra2_meteorology,0.00229880878223964,,0.00229880878223964,0.00229880878223964,0.00045512966201485735,601.0,601,0,0.00229880878223964,0.0002823672691845079,,0.00229880878223964
602,src_merra_slv_U500_wmean_100km_lag1,src_merra_slv_U500_wmean_100km,merra2_meteorology,0.002255240955957115,,0.002255240955957115,0.002255240955957115,0.0004885298999093365,602.0,602,0,0.002255240955957115,0.00036551494220661096,,0.002255240955957115
603,src_merra_slv_U500_wmean_100km_roll7_min,src_merra_slv_U500_wmean_100km,merra2_meteorology,0.0022472270038180957,,0.0022472270038180957,0.0022472270038180957,0.00018844234735816205,603.0,603,0,0.0022472270038180957,0.00023711255249674967,,0.0022472270038180957
604,src_merra_slv_V500_wmean_100km_roll7_min,src_merra_slv_V500_wmean_100km,merra2_meteorology,0.00222117525188357,,0.00222117525188357,0.00222117525188357,0.00010526860987338729,604.0,604,0,0.00222117525188357,0.00016986283514735796,,0.00222117525188357
605,src_merra_slv_V500_wmean_100km_roll3_max,src_merra_slv_V500_wmean_100km,merra2_meteorology,0.0021940357222373394,,0.0021940357222373394,0.0021940357222373394,-0.000715941195426734,605.0,605,0,0.0021940357222373394,0.00018240107666330546,,0.0021940357222373394
606,src_merra_flx_PBLH_wmean_100km_roll3_min,src_merra_flx_PBLH_wmean_100km,merra2_meteorology,0.0021756218713723063,,0.0021756218713723063,0.0021756218713723063,0.00014794044980691263,606.0,606,0,0.0021756218713723063,0.0001408214926252329,,0.0021756218713723063
607,src_merra_slv_V850_wmean_100km_roll3_mean,src_merra_slv_V850_wmean_100km,merra2_meteorology,0.002164472731842194,,0.002164472731842194,0.002164472731842194,-4.391602756853979e-05,607.0,607,0,0.002164472731842194,0.00018752054464995336,,0.002164472731842194
608,src_merra_aer_OCSMASS_wmean_500km_roll3_mean,src_merra_aer_OCSMASS_wmean_500km,merra2_aerosol,0.0021621411249971995,,0.0021621411249971995,0.0021621411249971995,-0.0006058658857962924,608.0,608,0,0.0021621411249971995,0.00022169428085202212,,0.0021621411249971995
609,src_merra_aer_SO4SMASS_wmean_100km_roll7_mean,src_merra_aer_SO4SMASS_wmean_100km,merra2_aerosol,0.002155728517453936,,0.002155728517453936,0.002155728517453936,0.0003980482028735543,609.0,609,0,0.002155728517453936,0.00016943905243784624,,0.002155728517453936
610,src_merra_slv_U250_wmean_100km_roll3_min,src_merra_slv_U250_wmean_100km,merra2_meteorology,0.0021451747630107164,,0.0021451747630107164,0.0021451747630107164,1.6681222306254258e-05,610.0,610,0,0.0021451747630107164,0.00024211035642687358,,0.0021451747630107164
611,src_merra_slv_V500_wmean_100km_roll7_mean,src_merra_slv_V500_wmean_100km,merra2_meteorology,0.0021408748716896116,,0.0021408748716896116,0.0021408748716896116,-0.00036041826255102843,611.0,611,0,0.0021408748716896116,0.00023430144125996405,,0.0021408748716896116
612,src_merra_aer_SO4SMASS_wmean_100km_roll3_mean,src_merra_aer_SO4SMASS_wmean_100km,merra2_aerosol,0.0021333532387294244,,0.0021333532387294244,0.0021333532387294244,-0.0004806687334452577,612.0,612,0,0.0021333532387294244,0.0002037268154842912,,0.0021333532387294244
613,src_merra_aer_DUSMASS25_wmean_100km_roll3_max,src_merra_aer_DUSMASS25_wmean_100km,merra2_aerosol,0.002031461289880959,,0.002031461289880959,0.002031461289880959,0.0002752898345498197,613.0,613,0,0.002031461289880959,0.00027323472607061224,,0.002031461289880959
614,src_merra_slv_U500_wmean_100km_roll7_mean,src_merra_slv_U500_wmean_100km,merra2_meteorology,0.002024740847690376,,0.002024740847690376,0.002024740847690376,-6.885560040356755e-06,614.0,614,0,0.002024740847690376,0.0001577105874687668,,0.002024740847690376
615,src_merra_aer_DUSMASS25_wmean_100km_roll3_mean,src_merra_aer_DUSMASS25_wmean_100km,merra2_aerosol,0.001999866862575336,,0.001999866862575336,0.001999866862575336,-0.00021155247325955256,615.0,615,0,0.001999866862575336,0.0002581347888819108,,0.001999866862575336
616,src_merra_aer_SO4SMASS_wmean_100km_roll3_max,src_merra_aer_SO4SMASS_wmean_100km,merra2_aerosol,0.0019903055530636217,,0.0019903055530636217,0.0019903055530636217,0.00031521696488068593,616.0,616,0,0.0019903055530636217,0.00019133929899958044,,0.0019903055530636217
617,src_merra_slv_U850_wmean_100km_roll3_max,src_merra_slv_U850_wmean_100km,merra2_meteorology,0.0019798056703014327,,0.0019798056703014327,0.0019798056703014327,-0.000404706869241896,617.0,617,0,0.0019798056703014327,0.00017676311570234574,,0.0019798056703014327
618,src_merra_aer_BCEXTTAU_wmean_100km_roll7_max,src_merra_aer_BCEXTTAU_wmean_100km,merra2_aerosol,0.0019112566190292693,,0.0019112566190292693,0.0019112566190292693,-0.00044183511528498497,618.0,618,0,0.0019112566190292693,0.00015887569135121147,,0.0019112566190292693
619,src_merra_flx_TLML_wmean_250km_roll3_min,src_merra_flx_TLML_wmean_250km,merra2_meteorology,0.001899363241121154,,0.001899363241121154,0.001899363241121154,0.0004902738927872822,619.0,619,0,0.001899363241121154,0.00033360462291265065,,0.001899363241121154
620,src_merra_slv_U500_wmean_100km_roll3_min,src_merra_slv_U500_wmean_100km,merra2_meteorology,0.0018851420999312918,,0.0018851420999312918,0.0018851420999312918,-9.19870857154271e-05,620.0,620,0,0.0018851420999312918,0.00018131899095796616,,0.0018851420999312918
621,src_merra_flx_TLML_wmean_500km_roll3_mean,src_merra_flx_TLML_wmean_500km,merra2_meteorology,0.0018223771108849107,,0.0018223771108849107,0.0018223771108849107,0.00030062672699000435,621.0,621,0,0.0018223771108849107,0.0002075710779510493,,0.0018223771108849107
622,src_merra_aer_SUEXTTAU_wmean_100km_roll3_max,src_merra_aer_SUEXTTAU_wmean_100km,merra2_aerosol,0.0018004514115107428,,0.0018004514115107428,0.0018004514115107428,0.0001803398495854662,622.0,622,0,0.0018004514115107428,0.00015274154610227014,,0.0018004514115107428
623,src_merra_slv_V250_wmean_100km_roll7_mean,src_merra_slv_V250_wmean_100km,merra2_meteorology,0.0017516964797149902,,0.0017516964797149902,0.0017516964797149902,-0.00026545555897554727,623.0,623,0,0.0017516964797149902,0.00016358979123758593,,0.0017516964797149902
624,src_merra_aer_DUSMASS25_wmean_100km_lag1,src_merra_aer_DUSMASS25_wmean_100km,merra2_aerosol,0.0017235081622576699,,0.0017235081622576699,0.0017235081622576699,0.00013662520973191313,624.0,624,0,0.0017235081622576699,0.00018993486406368565,,0.0017235081622576699
625,src_merra_aer_OCSMASS_wmean_100km_roll3_mean,src_merra_aer_OCSMASS_wmean_100km,merra2_aerosol,0.0017225507506706938,,0.0017225507506706938,0.0017225507506706938,0.0003800092092756049,625.0,625,0,0.0017225507506706938,0.00016875349604880948,,0.0017225507506706938
626,src_merra_flx_TLML_wmean_100km_lag1,src_merra_flx_TLML_wmean_100km,merra2_meteorology,0.0017118342762694246,,0.0017118342762694246,0.0017118342762694246,0.00023825042955022283,626.0,626,0,0.0017118342762694246,0.00013038817099695306,,0.0017118342762694246
627,src_merra_flx_PBLH_wmean_100km_roll3_mean,src_merra_flx_PBLH_wmean_100km,merra2_meteorology,0.0016600159474205861,,0.0016600159474205861,0.0016600159474205861,-1.4253493750674827e-05,627.0,627,0,0.0016600159474205861,0.00013157436170403816,,0.0016600159474205861
628,src_merra_slv_U250_wmean_100km_roll7_min,src_merra_slv_U250_wmean_100km,merra2_meteorology,0.0016473750535190878,,0.0016473750535190878,0.0016473750535190878,-3.7224880393363424e-05,628.0,628,0,0.0016473750535190878,0.00015875609764267172,,0.0016473750535190878
629,src_merra_aer_OCSMASS_wmean_100km_roll3_max,src_merra_aer_OCSMASS_wmean_100km,merra2_aerosol,0.001617006370271297,,0.001617006370271297,0.001617006370271297,-0.00034994309636457893,629.0,629,0,0.001617006370271297,0.00017244549023472466,,0.001617006370271297
630,src_merra_flx_TLML_wmean_500km_roll3_min,src_merra_flx_TLML_wmean_500km,merra2_meteorology,0.0015905172664200454,,0.0015905172664200454,0.0015905172664200454,1.1515991476944408e-05,630.0,630,0,0.0015905172664200454,0.0001301320155613932,,0.0015905172664200454
631,src_merra_aer_BCEXTTAU_wmean_100km_roll3_mean,src_merra_aer_BCEXTTAU_wmean_100km,merra2_aerosol,0.0015282458470054616,,0.0015282458470054616,0.0015282458470054616,0.00018814371285094935,631.0,631,0,0.0015282458470054616,0.00012928185543246957,,0.0015282458470054616
632,src_viirs_count_250km_roll7_min,src_viirs_count_250km,wildfire_smoke,0.0014260360660137195,,0.0014260360660137195,0.0014260360660137195,0.0006740798075292559,632.0,632,0,0.0014260360660137195,0.0003449472854843439,,0.0014260360660137195
633,src_merra_flx_SPEED_wmean_100km_roll3_mean,src_merra_flx_SPEED_wmean_100km,merra2_meteorology,0.0013922710897755592,,0.0013922710897755592,0.0013922710897755592,-0.00020071783244185278,633.0,633,0,0.0013922710897755592,0.00010124396179277369,,0.0013922710897755592
634,src_merra_slv_U500_wmean_100km_roll3_mean,src_merra_slv_U500_wmean_100km,merra2_meteorology,0.001355663918655978,,0.001355663918655978,0.001355663918655978,7.010160178104356e-05,634.0,634,0,0.001355663918655978,0.0001771308406527641,,0.001355663918655978
635,src_merra_aer_SUEXTTAU_wmean_100km_roll3_mean,src_merra_aer_SUEXTTAU_wmean_100km,merra2_aerosol,0.0013457300427075587,,0.0013457300427075587,0.0013457300427075587,0.00036913214778908624,635.0,635,0,0.0013457300427075587,0.00011910092079956041,,0.0013457300427075587
636,burned_frac_1000km,burned_frac_1000km,wildfire_smoke,0.0013226098423831018,,0.0013226098423831018,0.0013226098423831018,0.00045400855956329554,636.0,636,0,0.0013226098423831018,9.415788117018543e-05,,0.0013226098423831018
637,src_viirs_count_100km_roll3_min,src_viirs_count_100km,wildfire_smoke,0.0012451916629113268,,0.0012451916629113268,0.0012451916629113268,-3.739916276806402e-05,637.0,637,0,0.0012451916629113268,0.0002616976373688281,,0.0012451916629113268
638,src_merra_slv_U250_wmean_100km_roll3_mean,src_merra_slv_U250_wmean_100km,merra2_meteorology,0.001232164841386734,,0.001232164841386734,0.001232164841386734,2.9781276006233068e-05,638.0,638,0,0.001232164841386734,0.00010513191942800555,,0.001232164841386734
639,src_merra_flx_TLML_wmean_100km_roll3_min,src_merra_flx_TLML_wmean_100km,merra2_meteorology,0.0012236785925643224,,0.0012236785925643224,0.0012236785925643224,0.00019488275527807425,639.0,639,0,0.0012236785925643224,8.853039126901908e-05,,0.0012236785925643224
640,src_merra_flx_TLML_wmean_100km_roll3_mean,src_merra_flx_TLML_wmean_100km,merra2_meteorology,0.0012068961846410705,,0.0012068961846410705,0.0012068961846410705,0.00031195836013284806,640.0,640,0,0.0012068961846410705,0.00012080758562518768,,0.0012068961846410705
641,aod_obs_flag,aod_obs_flag,satellite_aod,0.0010900546502359974,,0.0010900546502359974,0.0010900546502359974,-0.0002586488080806177,641.0,641,0,0.0010900546502359974,0.0001004947754112353,,0.0010900546502359974
642,burned_weighted_frac_1000km,burned_weighted_frac_1000km,wildfire_smoke,0.0010191161668161076,,0.0010191161668161076,0.0010191161668161076,0.00022714215648326916,642.0,642,0,0.0010191161668161076,9.699424393073249e-05,,0.0010191161668161076
643,aod_imputed_flag,aod_imputed_flag,satellite_aod,0.0010088363483297096,,0.0010088363483297096,0.0010088363483297096,-0.0002923469780806561,643.0,643,0,0.0010088363483297096,0.00010476741897043283,,0.0010088363483297096
644,src_hms_any_500km,src_hms_any_500km,wildfire_smoke,0.0007878780236874205,,0.0007878780236874205,0.0007878780236874205,1.104330652260114e-05,644.0,644,0,0.0007878780236874205,9.343502111790558e-05,,0.0007878780236874205
645,src_hms_any_250km,src_hms_any_250km,wildfire_smoke,0.0007640882185877997,,0.0007640882185877997,0.0007640882185877997,8.684070922227054e-05,645.0,645,0,0.0007640882185877997,0.00015491379318882795,,0.0007640882185877997
646,src_viirs_count_100km_roll7_min,src_viirs_count_100km,wildfire_smoke,0.00040959773250232945,,0.00040959773250232945,0.00040959773250232945,2.313386118449609e-05,646.0,646,0,0.00040959773250232945,8.937997888823955e-05,,0.00040959773250232945
647,src_hms_any_1000km,src_hms_any_1000km,wildfire_smoke,0.0003176014615066447,,0.0003176014615066447,0.0003176014615066447,4.945124051290292e-05,647.0,647,0,0.0003176014615066447,5.422261557147163e-05,,0.0003176014615066447
648,src_hms_any_100km,src_hms_any_100km,wildfire_smoke,0.00024321685886938917,,0.00024321685886938917,0.00024321685886938917,-7.39158313929583e-05,648.0,648,0,0.00024321685886938917,6.303759745869419e-05,,0.00024321685886938917
649,burned_frac_500km,burned_frac_500km,wildfire_smoke,0.0,,0.0,0.0,0.0,649.0,649,0,0.0,0.0,,0.0
650,burned_weighted_frac_500km,burned_weighted_frac_500km,wildfire_smoke,0.0,,0.0,0.0,0.0,649.0,649,0,0.0,0.0,,0.0
651,burned_nearest_km_500km,burned_nearest_km_500km,wildfire_smoke,0.0,,0.0,0.0,0.0,649.0,649,0,0.0,0.0,,0.0
