name,status,observed,expected,detail
shard root exists,PASS,Data,existing path,
manifest.json exists,PASS,Data\manifest.json,present,
manifest canonical feature count,PASS,651,651,
manifest feature names unique,PASS,651,651,
manifest target-leakage name scan,PASS,[],[],
parquet block count,PASS,72,72,
missing expected blocks,PASS,[],[],
unexpected blocks,PASS,[],[],
PAIR_2012_Central: required key columns,PASS,[],none missing,Missing keys prevent a valid training block.
PAIR_2012_Central: year identity,PASS,[2012],[2012],
PAIR_2012_Central: region identity,PASS,['Central'],['Central'],
PAIR_2012_Central: parseable dates,PASS,0,0,
PAIR_2012_Central: date.year == year,PASS,0,0,
PAIR_2012_Central: pair-key identity,PASS,['2012|Central'],"['2012_Central', '2012|Central', 'PAIR_2012_Central']",Accepts common builder spellings such as 2012|Central and PAIR_2012_Central.
PAIR_2012_Central: duplicate cell-days,PASS,0,0,Duplicate spatial-day rows are a hard data-integrity failure.
PAIR_2012_Central: target NaN,PASS,0,0,
PAIR_2012_Central: target finite,PASS,0,0,
PAIR_2012_Central: stored feature width,PASS,651,651,
PAIR_2012_Central: canonical features resolved,PASS,"{'direct': 213, 'translated': 438, 'absent': 0}","{'resolved': 651, 'absent': 0}",Absent examples: []
PAIR_2012_Central: historical 213/438 resolver sanity,PASS,"{'direct': 213, 'translated': 438}","{'direct': 213, 'translated': 438}","If this warns but absent=0, inspect manifest/version before calling it an error."
PAIR_2012_Central: no target-derived feature names,PASS,[],[],
PAIR_2012_Central: lag1 feature count,PASS,73,73,
PAIR_2012_Central: rolling feature count,PASS,438,438,
PAIR_2012_Central: total temporal derivatives,PASS,511,511,
PAIR_2012_Central: infinite feature values,PASS,0,0,
PAIR_2012_Central: raw feature NaN cells,WARN,29923,0,Raw trainable shards may legitimately contain missing values; production preprocessing must handle them consistently.
PAIR_2012_Central: all-NaN features,WARN,"['burned_weighted_frac_500km', 'burned_nearest_km_500km', 'AOD_047']",[],Investigate whether these are structurally unavailable in this block or accidentally lost.
PAIR_2012_Central: constant/all-NaN features,WARN,"['burned_weighted_frac_500km', 'burned_nearest_km_500km', 'AOD_047']",[],"Constant columns are diagnostic warnings, not automatically corruption."
PAIR_2012_East: required key columns,PASS,[],none missing,Missing keys prevent a valid training block.
PAIR_2012_East: year identity,PASS,[2012],[2012],
PAIR_2012_East: region identity,PASS,['East'],['East'],
PAIR_2012_East: parseable dates,PASS,0,0,
PAIR_2012_East: date.year == year,PASS,0,0,
PAIR_2012_East: pair-key identity,PASS,['2012|East'],"['2012_East', '2012|East', 'PAIR_2012_East']",Accepts common builder spellings such as 2012|Central and PAIR_2012_Central.
PAIR_2012_East: duplicate cell-days,PASS,0,0,Duplicate spatial-day rows are a hard data-integrity failure.
PAIR_2012_East: target NaN,PASS,0,0,
PAIR_2012_East: target finite,PASS,0,0,
PAIR_2012_East: stored feature width,PASS,651,651,
PAIR_2012_East: canonical features resolved,PASS,"{'direct': 213, 'translated': 438, 'absent': 0}","{'resolved': 651, 'absent': 0}",Absent examples: []
PAIR_2012_East: historical 213/438 resolver sanity,PASS,"{'direct': 213, 'translated': 438}","{'direct': 213, 'translated': 438}","If this warns but absent=0, inspect manifest/version before calling it an error."
PAIR_2012_East: no target-derived feature names,PASS,[],[],
PAIR_2012_East: lag1 feature count,PASS,73,73,
PAIR_2012_East: rolling feature count,PASS,438,438,
PAIR_2012_East: total temporal derivatives,PASS,511,511,
PAIR_2012_East: infinite feature values,PASS,0,0,
PAIR_2012_East: raw feature NaN cells,WARN,29419,0,Raw trainable shards may legitimately contain missing values; production preprocessing must handle them consistently.
PAIR_2012_East: all-NaN features,WARN,"['burned_weighted_frac_500km', 'burned_nearest_km_500km', 'AOD_047']",[],Investigate whether these are structurally unavailable in this block or accidentally lost.
PAIR_2012_East: constant/all-NaN features,WARN,"['burned_weighted_frac_500km', 'burned_nearest_km_500km', 'AOD_047']",[],"Constant columns are diagnostic warnings, not automatically corruption."
PAIR_2012_North: required key columns,PASS,[],none missing,Missing keys prevent a valid training block.
PAIR_2012_North: year identity,PASS,[2012],[2012],
PAIR_2012_North: region identity,PASS,['North'],['North'],
PAIR_2012_North: parseable dates,PASS,0,0,
PAIR_2012_North: date.year == year,PASS,0,0,
PAIR_2012_North: pair-key identity,PASS,['2012|North'],"['2012_North', '2012|North', 'PAIR_2012_North']",Accepts common builder spellings such as 2012|Central and PAIR_2012_Central.
PAIR_2012_North: duplicate cell-days,PASS,0,0,Duplicate spatial-day rows are a hard data-integrity failure.
PAIR_2012_North: target NaN,PASS,0,0,
PAIR_2012_North: target finite,PASS,0,0,
PAIR_2012_North: stored feature width,PASS,651,651,
PAIR_2012_North: canonical features resolved,PASS,"{'direct': 213, 'translated': 438, 'absent': 0}","{'resolved': 651, 'absent': 0}",Absent examples: []
PAIR_2012_North: historical 213/438 resolver sanity,PASS,"{'direct': 213, 'translated': 438}","{'direct': 213, 'translated': 438}","If this warns but absent=0, inspect manifest/version before calling it an error."
PAIR_2012_North: no target-derived feature names,PASS,[],[],
PAIR_2012_North: lag1 feature count,PASS,73,73,
PAIR_2012_North: rolling feature count,PASS,438,438,
PAIR_2012_North: total temporal derivatives,PASS,511,511,
PAIR_2012_North: infinite feature values,PASS,0,0,
PAIR_2012_North: raw feature NaN cells,WARN,76034,0,Raw trainable shards may legitimately contain missing values; production preprocessing must handle them consistently.
PAIR_2012_North: all-NaN features,WARN,"['burned_weighted_frac_500km', 'burned_nearest_km_500km', 'AOD_047']",[],Investigate whether these are structurally unavailable in this block or accidentally lost.
PAIR_2012_North: constant/all-NaN features,WARN,"['burned_weighted_frac_500km', 'burned_nearest_km_500km', 'AOD_047']",[],"Constant columns are diagnostic warnings, not automatically corruption."
PAIR_2012_Toronto: required key columns,PASS,[],none missing,Missing keys prevent a valid training block.
PAIR_2012_Toronto: year identity,PASS,[2012],[2012],
PAIR_2012_Toronto: region identity,PASS,['Toronto'],['Toronto'],
PAIR_2012_Toronto: parseable dates,PASS,0,0,
PAIR_2012_Toronto: date.year == year,PASS,0,0,
PAIR_2012_Toronto: pair-key identity,PASS,['2012|Toronto'],"['2012_Toronto', '2012|Toronto', 'PAIR_2012_Toronto']",Accepts common builder spellings such as 2012|Central and PAIR_2012_Central.
PAIR_2012_Toronto: duplicate cell-days,PASS,0,0,Duplicate spatial-day rows are a hard data-integrity failure.
PAIR_2012_Toronto: target NaN,PASS,0,0,
PAIR_2012_Toronto: target finite,PASS,0,0,
PAIR_2012_Toronto: stored feature width,PASS,651,651,
PAIR_2012_Toronto: canonical features resolved,PASS,"{'direct': 213, 'translated': 438, 'absent': 0}","{'resolved': 651, 'absent': 0}",Absent examples: []
PAIR_2012_Toronto: historical 213/438 resolver sanity,PASS,"{'direct': 213, 'translated': 438}","{'direct': 213, 'translated': 438}","If this warns but absent=0, inspect manifest/version before calling it an error."
PAIR_2012_Toronto: no target-derived feature names,PASS,[],[],
PAIR_2012_Toronto: lag1 feature count,PASS,73,73,
PAIR_2012_Toronto: rolling feature count,PASS,438,438,
PAIR_2012_Toronto: total temporal derivatives,PASS,511,511,
PAIR_2012_Toronto: infinite feature values,PASS,0,0,
PAIR_2012_Toronto: raw feature NaN cells,WARN,17000,0,Raw trainable shards may legitimately contain missing values; production preprocessing must handle them consistently.
PAIR_2012_Toronto: all-NaN features,WARN,"['burned_weighted_frac_500km', 'burned_nearest_km_500km', 'AOD_047']",[],Investigate whether these are structurally unavailable in this block or accidentally lost.
PAIR_2012_Toronto: constant/all-NaN features,WARN,"['ca_lc_lc_majority_class', 'burned_weighted_frac_500km', 'burned_nearest_km_500km', 'AOD_047', 'aod_obs_flag', 'aod_imputed_flag']",[],"Constant columns are diagnostic warnings, not automatically corruption."
PAIR_2012_West_NH: required key columns,PASS,[],none missing,Missing keys prevent a valid training block.
PAIR_2012_West_NH: year identity,PASS,[2012],[2012],
PAIR_2012_West_NH: region identity,PASS,['West_NH'],['West_NH'],
PAIR_2012_West_NH: parseable dates,PASS,0,0,
PAIR_2012_West_NH: date.year == year,PASS,0,0,
PAIR_2012_West_NH: pair-key identity,PASS,['2012|West_NH'],"['2012_West_NH', '2012|West_NH', 'PAIR_2012_West_NH']",Accepts common builder spellings such as 2012|Central and PAIR_2012_Central.
PAIR_2012_West_NH: duplicate cell-days,PASS,0,0,Duplicate spatial-day rows are a hard data-integrity failure.
PAIR_2012_West_NH: target NaN,PASS,0,0,
PAIR_2012_West_NH: target finite,PASS,0,0,
PAIR_2012_West_NH: stored feature width,PASS,651,651,
PAIR_2012_West_NH: canonical features resolved,PASS,"{'direct': 213, 'translated': 438, 'absent': 0}","{'resolved': 651, 'absent': 0}",Absent examples: []
PAIR_2012_West_NH: historical 213/438 resolver sanity,PASS,"{'direct': 213, 'translated': 438}","{'direct': 213, 'translated': 438}","If this warns but absent=0, inspect manifest/version before calling it an error."
PAIR_2012_West_NH: no target-derived feature names,PASS,[],[],
PAIR_2012_West_NH: lag1 feature count,PASS,73,73,
PAIR_2012_West_NH: rolling feature count,PASS,438,438,
PAIR_2012_West_NH: total temporal derivatives,PASS,511,511,
PAIR_2012_West_NH: infinite feature values,PASS,0,0,
PAIR_2012_West_NH: raw feature NaN cells,WARN,119260,0,Raw trainable shards may legitimately contain missing values; production preprocessing must handle them consistently.
PAIR_2012_West_NH: all-NaN features,WARN,"['burned_weighted_frac_500km', 'burned_nearest_km_500km', 'AOD_047']",[],Investigate whether these are structurally unavailable in this block or accidentally lost.
PAIR_2012_West_NH: constant/all-NaN features,WARN,"['burned_weighted_frac_500km', 'burned_nearest_km_500km', 'AOD_047']",[],"Constant columns are diagnostic warnings, not automatically corruption."
PAIR_2012_West_SW: required key columns,PASS,[],none missing,Missing keys prevent a valid training block.
PAIR_2012_West_SW: year identity,PASS,[2012],[2012],
PAIR_2012_West_SW: region identity,PASS,['West_SW'],['West_SW'],
PAIR_2012_West_SW: parseable dates,PASS,0,0,
PAIR_2012_West_SW: date.year == year,PASS,0,0,
PAIR_2012_West_SW: pair-key identity,PASS,['2012|West_SW'],"['2012_West_SW', '2012|West_SW', 'PAIR_2012_West_SW']",Accepts common builder spellings such as 2012|Central and PAIR_2012_Central.
PAIR_2012_West_SW: duplicate cell-days,PASS,0,0,Duplicate spatial-day rows are a hard data-integrity failure.
PAIR_2012_West_SW: target NaN,PASS,0,0,
PAIR_2012_West_SW: target finite,PASS,0,0,
PAIR_2012_West_SW: stored feature width,PASS,651,651,
PAIR_2012_West_SW: canonical features resolved,PASS,"{'direct': 213, 'translated': 438, 'absent': 0}","{'resolved': 651, 'absent': 0}",Absent examples: []
PAIR_2012_West_SW: historical 213/438 resolver sanity,PASS,"{'direct': 213, 'translated': 438}","{'direct': 213, 'translated': 438}","If this warns but absent=0, inspect manifest/version before calling it an error."
PAIR_2012_West_SW: no target-derived feature names,PASS,[],[],
PAIR_2012_West_SW: lag1 feature count,PASS,73,73,
PAIR_2012_West_SW: rolling feature count,PASS,438,438,
PAIR_2012_West_SW: total temporal derivatives,PASS,511,511,
PAIR_2012_West_SW: infinite feature values,PASS,0,0,
PAIR_2012_West_SW: raw feature NaN cells,WARN,174401,0,Raw trainable shards may legitimately contain missing values; production preprocessing must handle them consistently.
PAIR_2012_West_SW: all-NaN features,WARN,"['burned_weighted_frac_500km', 'burned_nearest_km_500km', 'AOD_047']",[],Investigate whether these are structurally unavailable in this block or accidentally lost.
PAIR_2012_West_SW: constant/all-NaN features,WARN,"['burned_weighted_frac_500km', 'burned_nearest_km_500km', 'AOD_047']",[],"Constant columns are diagnostic warnings, not automatically corruption."
PAIR_2013_Central: required key columns,PASS,[],none missing,Missing keys prevent a valid training block.
PAIR_2013_Central: year identity,PASS,[2013],[2013],
PAIR_2013_Central: region identity,PASS,['Central'],['Central'],
PAIR_2013_Central: parseable dates,PASS,0,0,
PAIR_2013_Central: date.year == year,PASS,0,0,
PAIR_2013_Central: pair-key identity,PASS,['2013|Central'],"['2013_Central', '2013|Central', 'PAIR_2013_Central']",Accepts common builder spellings such as 2012|Central and PAIR_2012_Central.
PAIR_2013_Central: duplicate cell-days,PASS,0,0,Duplicate spatial-day rows are a hard data-integrity failure.
PAIR_2013_Central: target NaN,PASS,0,0,
PAIR_2013_Central: target finite,PASS,0,0,
PAIR_2013_Central: stored feature width,PASS,651,651,
PAIR_2013_Central: canonical features resolved,PASS,"{'direct': 213, 'translated': 438, 'absent': 0}","{'resolved': 651, 'absent': 0}",Absent examples: []
PAIR_2013_Central: historical 213/438 resolver sanity,PASS,"{'direct': 213, 'translated': 438}","{'direct': 213, 'translated': 438}","If this warns but absent=0, inspect manifest/version before calling it an error."
PAIR_2013_Central: no target-derived feature names,PASS,[],[],
PAIR_2013_Central: lag1 feature count,PASS,73,73,
PAIR_2013_Central: rolling feature count,PASS,438,438,
PAIR_2013_Central: total temporal derivatives,PASS,511,511,
PAIR_2013_Central: infinite feature values,PASS,0,0,
PAIR_2013_Central: raw feature NaN cells,WARN,29311,0,Raw trainable shards may legitimately contain missing values; production preprocessing must handle them consistently.
PAIR_2013_Central: all-NaN features,WARN,"['burned_weighted_frac_500km', 'burned_nearest_km_500km', 'AOD_047']",[],Investigate whether these are structurally unavailable in this block or accidentally lost.
PAIR_2013_Central: constant/all-NaN features,WARN,"['burned_frac_500km', 'burned_weighted_frac_500km', 'burned_nearest_km_500km', 'AOD_047']",[],"Constant columns are diagnostic warnings, not automatically corruption."
PAIR_2013_East: required key columns,PASS,[],none missing,Missing keys prevent a valid training block.
PAIR_2013_East: year identity,PASS,[2013],[2013],
PAIR_2013_East: region identity,PASS,['East'],['East'],
PAIR_2013_East: parseable dates,PASS,0,0,
PAIR_2013_East: date.year == year,PASS,0,0,
PAIR_2013_East: pair-key identity,PASS,['2013|East'],"['2013_East', '2013|East', 'PAIR_2013_East']",Accepts common builder spellings such as 2012|Central and PAIR_2012_Central.
PAIR_2013_East: duplicate cell-days,PASS,0,0,Duplicate spatial-day rows are a hard data-integrity failure.
PAIR_2013_East: target NaN,PASS,0,0,
PAIR_2013_East: target finite,PASS,0,0,
PAIR_2013_East: stored feature width,PASS,651,651,
PAIR_2013_East: canonical features resolved,PASS,"{'direct': 213, 'translated': 438, 'absent': 0}","{'resolved': 651, 'absent': 0}",Absent examples: []
PAIR_2013_East: historical 213/438 resolver sanity,PASS,"{'direct': 213, 'translated': 438}","{'direct': 213, 'translated': 438}","If this warns but absent=0, inspect manifest/version before calling it an error."
PAIR_2013_East: no target-derived feature names,PASS,[],[],
PAIR_2013_East: lag1 feature count,PASS,73,73,
PAIR_2013_East: rolling feature count,PASS,438,438,
PAIR_2013_East: total temporal derivatives,PASS,511,511,
PAIR_2013_East: infinite feature values,PASS,0,0,
PAIR_2013_East: raw feature NaN cells,WARN,30625,0,Raw trainable shards may legitimately contain missing values; production preprocessing must handle them consistently.
PAIR_2013_East: all-NaN features,WARN,"['burned_weighted_frac_500km', 'burned_nearest_km_500km', 'AOD_047']",[],Investigate whether these are structurally unavailable in this block or accidentally lost.
PAIR_2013_East: constant/all-NaN features,WARN,"['burned_frac_500km', 'burned_weighted_frac_500km', 'burned_nearest_km_500km', 'AOD_047']",[],"Constant columns are diagnostic warnings, not automatically corruption."
PAIR_2013_North: required key columns,PASS,[],none missing,Missing keys prevent a valid training block.
PAIR_2013_North: year identity,PASS,[2013],[2013],
PAIR_2013_North: region identity,PASS,['North'],['North'],
PAIR_2013_North: parseable dates,PASS,0,0,
PAIR_2013_North: date.year == year,PASS,0,0,
PAIR_2013_North: pair-key identity,PASS,['2013|North'],"['2013_North', '2013|North', 'PAIR_2013_North']",Accepts common builder spellings such as 2012|Central and PAIR_2012_Central.
PAIR_2013_North: duplicate cell-days,PASS,0,0,Duplicate spatial-day rows are a hard data-integrity failure.
PAIR_2013_North: target NaN,PASS,0,0,
PAIR_2013_North: target finite,PASS,0,0,
PAIR_2013_North: stored feature width,PASS,651,651,
PAIR_2013_North: canonical features resolved,PASS,"{'direct': 213, 'translated': 438, 'absent': 0}","{'resolved': 651, 'absent': 0}",Absent examples: []
PAIR_2013_North: historical 213/438 resolver sanity,PASS,"{'direct': 213, 'translated': 438}","{'direct': 213, 'translated': 438}","If this warns but absent=0, inspect manifest/version before calling it an error."
PAIR_2013_North: no target-derived feature names,PASS,[],[],
PAIR_2013_North: lag1 feature count,PASS,73,73,
PAIR_2013_North: rolling feature count,PASS,438,438,
PAIR_2013_North: total temporal derivatives,PASS,511,511,
PAIR_2013_North: infinite feature values,PASS,0,0,
PAIR_2013_North: raw feature NaN cells,WARN,80623,0,Raw trainable shards may legitimately contain missing values; production preprocessing must handle them consistently.
PAIR_2013_North: all-NaN features,WARN,"['burned_weighted_frac_500km', 'burned_nearest_km_500km', 'AOD_047']",[],Investigate whether these are structurally unavailable in this block or accidentally lost.
PAIR_2013_North: constant/all-NaN features,WARN,"['burned_frac_500km', 'burned_weighted_frac_500km', 'burned_nearest_km_500km', 'AOD_047']",[],"Constant columns are diagnostic warnings, not automatically corruption."
PAIR_2013_Toronto: required key columns,PASS,[],none missing,Missing keys prevent a valid training block.
PAIR_2013_Toronto: year identity,PASS,[2013],[2013],
PAIR_2013_Toronto: region identity,PASS,['Toronto'],['Toronto'],
PAIR_2013_Toronto: parseable dates,PASS,0,0,
PAIR_2013_Toronto: date.year == year,PASS,0,0,
PAIR_2013_Toronto: pair-key identity,PASS,['2013|Toronto'],"['2013_Toronto', '2013|Toronto', 'PAIR_2013_Toronto']",Accepts common builder spellings such as 2012|Central and PAIR_2012_Central.
PAIR_2013_Toronto: duplicate cell-days,PASS,0,0,Duplicate spatial-day rows are a hard data-integrity failure.
PAIR_2013_Toronto: target NaN,PASS,0,0,
PAIR_2013_Toronto: target finite,PASS,0,0,
PAIR_2013_Toronto: stored feature width,PASS,651,651,
PAIR_2013_Toronto: canonical features resolved,PASS,"{'direct': 213, 'translated': 438, 'absent': 0}","{'resolved': 651, 'absent': 0}",Absent examples: []
PAIR_2013_Toronto: historical 213/438 resolver sanity,PASS,"{'direct': 213, 'translated': 438}","{'direct': 213, 'translated': 438}","If this warns but absent=0, inspect manifest/version before calling it an error."
PAIR_2013_Toronto: no target-derived feature names,PASS,[],[],
PAIR_2013_Toronto: lag1 feature count,PASS,73,73,
PAIR_2013_Toronto: rolling feature count,PASS,438,438,
PAIR_2013_Toronto: total temporal derivatives,PASS,511,511,
PAIR_2013_Toronto: infinite feature values,PASS,0,0,
PAIR_2013_Toronto: raw feature NaN cells,WARN,15878,0,Raw trainable shards may legitimately contain missing values; production preprocessing must handle them consistently.
PAIR_2013_Toronto: all-NaN features,WARN,"['burned_weighted_frac_500km', 'burned_nearest_km_500km', 'AOD_047']",[],Investigate whether these are structurally unavailable in this block or accidentally lost.
PAIR_2013_Toronto: constant/all-NaN features,WARN,"['ca_lc_lc_majority_class', 'burned_frac_500km', 'burned_weighted_frac_500km', 'burned_nearest_km_500km', 'AOD_047']",[],"Constant columns are diagnostic warnings, not automatically corruption."
PAIR_2013_West_NH: required key columns,PASS,[],none missing,Missing keys prevent a valid training block.
PAIR_2013_West_NH: year identity,PASS,[2013],[2013],
PAIR_2013_West_NH: region identity,PASS,['West_NH'],['West_NH'],
PAIR_2013_West_NH: parseable dates,PASS,0,0,
PAIR_2013_West_NH: date.year == year,PASS,0,0,
PAIR_2013_West_NH: pair-key identity,PASS,['2013|West_NH'],"['2013_West_NH', '2013|West_NH', 'PAIR_2013_West_NH']",Accepts common builder spellings such as 2012|Central and PAIR_2012_Central.
PAIR_2013_West_NH: duplicate cell-days,PASS,0,0,Duplicate spatial-day rows are a hard data-integrity failure.
PAIR_2013_West_NH: target NaN,PASS,0,0,
PAIR_2013_West_NH: target finite,PASS,0,0,
PAIR_2013_West_NH: stored feature width,PASS,651,651,
PAIR_2013_West_NH: canonical features resolved,PASS,"{'direct': 213, 'translated': 438, 'absent': 0}","{'resolved': 651, 'absent': 0}",Absent examples: []
PAIR_2013_West_NH: historical 213/438 resolver sanity,PASS,"{'direct': 213, 'translated': 438}","{'direct': 213, 'translated': 438}","If this warns but absent=0, inspect manifest/version before calling it an error."
PAIR_2013_West_NH: no target-derived feature names,PASS,[],[],
PAIR_2013_West_NH: lag1 feature count,PASS,73,73,
PAIR_2013_West_NH: rolling feature count,PASS,438,438,
PAIR_2013_West_NH: total temporal derivatives,PASS,511,511,
PAIR_2013_West_NH: infinite feature values,PASS,0,0,
PAIR_2013_West_NH: raw feature NaN cells,WARN,116643,0,Raw trainable shards may legitimately contain missing values; production preprocessing must handle them consistently.
PAIR_2013_West_NH: all-NaN features,WARN,"['burned_weighted_frac_500km', 'burned_nearest_km_500km', 'AOD_047']",[],Investigate whether these are structurally unavailable in this block or accidentally lost.
PAIR_2013_West_NH: constant/all-NaN features,WARN,"['burned_frac_500km', 'burned_weighted_frac_500km', 'burned_nearest_km_500km', 'AOD_047']",[],"Constant columns are diagnostic warnings, not automatically corruption."
PAIR_2013_West_SW: required key columns,PASS,[],none missing,Missing keys prevent a valid training block.
PAIR_2013_West_SW: year identity,PASS,[2013],[2013],
PAIR_2013_West_SW: region identity,PASS,['West_SW'],['West_SW'],
PAIR_2013_West_SW: parseable dates,PASS,0,0,
PAIR_2013_West_SW: date.year == year,PASS,0,0,
PAIR_2013_West_SW: pair-key identity,PASS,['2013|West_SW'],"['2013_West_SW', '2013|West_SW', 'PAIR_2013_West_SW']",Accepts common builder spellings such as 2012|Central and PAIR_2012_Central.
PAIR_2013_West_SW: duplicate cell-days,PASS,0,0,Duplicate spatial-day rows are a hard data-integrity failure.
PAIR_2013_West_SW: target NaN,PASS,0,0,
PAIR_2013_West_SW: target finite,PASS,0,0,
PAIR_2013_West_SW: stored feature width,PASS,651,651,
PAIR_2013_West_SW: canonical features resolved,PASS,"{'direct': 213, 'translated': 438, 'absent': 0}","{'resolved': 651, 'absent': 0}",Absent examples: []
PAIR_2013_West_SW: historical 213/438 resolver sanity,PASS,"{'direct': 213, 'translated': 438}","{'direct': 213, 'translated': 438}","If this warns but absent=0, inspect manifest/version before calling it an error."
PAIR_2013_West_SW: no target-derived feature names,PASS,[],[],
PAIR_2013_West_SW: lag1 feature count,PASS,73,73,
PAIR_2013_West_SW: rolling feature count,PASS,438,438,
PAIR_2013_West_SW: total temporal derivatives,PASS,511,511,
PAIR_2013_West_SW: infinite feature values,PASS,0,0,
PAIR_2013_West_SW: raw feature NaN cells,WARN,174126,0,Raw trainable shards may legitimately contain missing values; production preprocessing must handle them consistently.
PAIR_2013_West_SW: all-NaN features,WARN,"['burned_weighted_frac_500km', 'burned_nearest_km_500km', 'AOD_047']",[],Investigate whether these are structurally unavailable in this block or accidentally lost.
PAIR_2013_West_SW: constant/all-NaN features,WARN,"['burned_frac_500km', 'burned_weighted_frac_500km', 'burned_nearest_km_500km', 'AOD_047']",[],"Constant columns are diagnostic warnings, not automatically corruption."
PAIR_2014_Central: required key columns,PASS,[],none missing,Missing keys prevent a valid training block.
PAIR_2014_Central: year identity,PASS,[2014],[2014],
PAIR_2014_Central: region identity,PASS,['Central'],['Central'],
PAIR_2014_Central: parseable dates,PASS,0,0,
PAIR_2014_Central: date.year == year,PASS,0,0,
PAIR_2014_Central: pair-key identity,PASS,['2014|Central'],"['2014_Central', '2014|Central', 'PAIR_2014_Central']",Accepts common builder spellings such as 2012|Central and PAIR_2012_Central.
PAIR_2014_Central: duplicate cell-days,PASS,0,0,Duplicate spatial-day rows are a hard data-integrity failure.
PAIR_2014_Central: target NaN,PASS,0,0,
PAIR_2014_Central: target finite,PASS,0,0,
PAIR_2014_Central: stored feature width,PASS,651,651,
PAIR_2014_Central: canonical features resolved,PASS,"{'direct': 213, 'translated': 438, 'absent': 0}","{'resolved': 651, 'absent': 0}",Absent examples: []
PAIR_2014_Central: historical 213/438 resolver sanity,PASS,"{'direct': 213, 'translated': 438}","{'direct': 213, 'translated': 438}","If this warns but absent=0, inspect manifest/version before calling it an error."
PAIR_2014_Central: no target-derived feature names,PASS,[],[],
PAIR_2014_Central: lag1 feature count,PASS,73,73,
PAIR_2014_Central: rolling feature count,PASS,438,438,
PAIR_2014_Central: total temporal derivatives,PASS,511,511,
PAIR_2014_Central: infinite feature values,PASS,0,0,
PAIR_2014_Central: raw feature NaN cells,WARN,30778,0,Raw trainable shards may legitimately contain missing values; production preprocessing must handle them consistently.
PAIR_2014_Central: all-NaN features,WARN,"['burned_weighted_frac_500km', 'burned_nearest_km_500km', 'AOD_047']",[],Investigate whether these are structurally unavailable in this block or accidentally lost.
PAIR_2014_Central: constant/all-NaN features,WARN,"['burned_frac_500km', 'burned_weighted_frac_500km', 'burned_nearest_km_500km', 'AOD_047']",[],"Constant columns are diagnostic warnings, not automatically corruption."
PAIR_2014_East: required key columns,PASS,[],none missing,Missing keys prevent a valid training block.
PAIR_2014_East: year identity,PASS,[2014],[2014],
PAIR_2014_East: region identity,PASS,['East'],['East'],
PAIR_2014_East: parseable dates,PASS,0,0,
PAIR_2014_East: date.year == year,PASS,0,0,
PAIR_2014_East: pair-key identity,PASS,['2014|East'],"['2014_East', '2014|East', 'PAIR_2014_East']",Accepts common builder spellings such as 2012|Central and PAIR_2012_Central.
PAIR_2014_East: duplicate cell-days,PASS,0,0,Duplicate spatial-day rows are a hard data-integrity failure.
PAIR_2014_East: target NaN,PASS,0,0,
PAIR_2014_East: target finite,PASS,0,0,
PAIR_2014_East: stored feature width,PASS,651,651,
PAIR_2014_East: canonical features resolved,PASS,"{'direct': 213, 'translated': 438, 'absent': 0}","{'resolved': 651, 'absent': 0}",Absent examples: []
PAIR_2014_East: historical 213/438 resolver sanity,PASS,"{'direct': 213, 'translated': 438}","{'direct': 213, 'translated': 438}","If this warns but absent=0, inspect manifest/version before calling it an error."
PAIR_2014_East: no target-derived feature names,PASS,[],[],
PAIR_2014_East: lag1 feature count,PASS,73,73,
PAIR_2014_East: rolling feature count,PASS,438,438,
PAIR_2014_East: total temporal derivatives,PASS,511,511,
PAIR_2014_East: infinite feature values,PASS,0,0,
PAIR_2014_East: raw feature NaN cells,WARN,31318,0,Raw trainable shards may legitimately contain missing values; production preprocessing must handle them consistently.
PAIR_2014_East: all-NaN features,WARN,"['burned_weighted_frac_500km', 'burned_nearest_km_500km', 'AOD_047']",[],Investigate whether these are structurally unavailable in this block or accidentally lost.
PAIR_2014_East: constant/all-NaN features,WARN,"['burned_frac_500km', 'burned_weighted_frac_500km', 'burned_nearest_km_500km', 'AOD_047']",[],"Constant columns are diagnostic warnings, not automatically corruption."
PAIR_2014_North: required key columns,PASS,[],none missing,Missing keys prevent a valid training block.
PAIR_2014_North: year identity,PASS,[2014],[2014],
PAIR_2014_North: region identity,PASS,['North'],['North'],
PAIR_2014_North: parseable dates,PASS,0,0,
PAIR_2014_North: date.year == year,PASS,0,0,
PAIR_2014_North: pair-key identity,PASS,['2014|North'],"['2014_North', '2014|North', 'PAIR_2014_North']",Accepts common builder spellings such as 2012|Central and PAIR_2012_Central.
PAIR_2014_North: duplicate cell-days,PASS,0,0,Duplicate spatial-day rows are a hard data-integrity failure.
PAIR_2014_North: target NaN,PASS,0,0,
PAIR_2014_North: target finite,PASS,0,0,
PAIR_2014_North: stored feature width,PASS,651,651,
PAIR_2014_North: canonical features resolved,PASS,"{'direct': 213, 'translated': 438, 'absent': 0}","{'resolved': 651, 'absent': 0}",Absent examples: []
PAIR_2014_North: historical 213/438 resolver sanity,PASS,"{'direct': 213, 'translated': 438}","{'direct': 213, 'translated': 438}","If this warns but absent=0, inspect manifest/version before calling it an error."
PAIR_2014_North: no target-derived feature names,PASS,[],[],
PAIR_2014_North: lag1 feature count,PASS,73,73,
PAIR_2014_North: rolling feature count,PASS,438,438,
PAIR_2014_North: total temporal derivatives,PASS,511,511,
PAIR_2014_North: infinite feature values,PASS,0,0,
PAIR_2014_North: raw feature NaN cells,WARN,81333,0,Raw trainable shards may legitimately contain missing values; production preprocessing must handle them consistently.
PAIR_2014_North: all-NaN features,WARN,"['burned_weighted_frac_500km', 'burned_nearest_km_500km', 'AOD_047']",[],Investigate whether these are structurally unavailable in this block or accidentally lost.
PAIR_2014_North: constant/all-NaN features,WARN,"['burned_frac_500km', 'burned_weighted_frac_500km', 'burned_nearest_km_500km', 'AOD_047']",[],"Constant columns are diagnostic warnings, not automatically corruption."
PAIR_2014_Toronto: required key columns,PASS,[],none missing,Missing keys prevent a valid training block.
PAIR_2014_Toronto: year identity,PASS,[2014],[2014],
PAIR_2014_Toronto: region identity,PASS,['Toronto'],['Toronto'],
PAIR_2014_Toronto: parseable dates,PASS,0,0,
PAIR_2014_Toronto: date.year == year,PASS,0,0,
PAIR_2014_Toronto: pair-key identity,PASS,['2014|Toronto'],"['2014_Toronto', '2014|Toronto', 'PAIR_2014_Toronto']",Accepts common builder spellings such as 2012|Central and PAIR_2012_Central.
PAIR_2014_Toronto: duplicate cell-days,PASS,0,0,Duplicate spatial-day rows are a hard data-integrity failure.
PAIR_2014_Toronto: target NaN,PASS,0,0,
PAIR_2014_Toronto: target finite,PASS,0,0,
PAIR_2014_Toronto: stored feature width,PASS,651,651,
PAIR_2014_Toronto: canonical features resolved,PASS,"{'direct': 213, 'translated': 438, 'absent': 0}","{'resolved': 651, 'absent': 0}",Absent examples: []
PAIR_2014_Toronto: historical 213/438 resolver sanity,PASS,"{'direct': 213, 'translated': 438}","{'direct': 213, 'translated': 438}","If this warns but absent=0, inspect manifest/version before calling it an error."
PAIR_2014_Toronto: no target-derived feature names,PASS,[],[],
PAIR_2014_Toronto: lag1 feature count,PASS,73,73,
PAIR_2014_Toronto: rolling feature count,PASS,438,438,
PAIR_2014_Toronto: total temporal derivatives,PASS,511,511,
PAIR_2014_Toronto: infinite feature values,PASS,0,0,
PAIR_2014_Toronto: raw feature NaN cells,WARN,16806,0,Raw trainable shards may legitimately contain missing values; production preprocessing must handle them consistently.
PAIR_2014_Toronto: all-NaN features,WARN,"['burned_weighted_frac_500km', 'burned_nearest_km_500km', 'AOD_047']",[],Investigate whether these are structurally unavailable in this block or accidentally lost.
PAIR_2014_Toronto: constant/all-NaN features,WARN,"['ca_lc_lc_majority_class', 'burned_frac_500km', 'burned_weighted_frac_500km', 'burned_nearest_km_500km', 'AOD_047']",[],"Constant columns are diagnostic warnings, not automatically corruption."
PAIR_2014_West_NH: required key columns,PASS,[],none missing,Missing keys prevent a valid training block.
PAIR_2014_West_NH: year identity,PASS,[2014],[2014],
PAIR_2014_West_NH: region identity,PASS,['West_NH'],['West_NH'],
PAIR_2014_West_NH: parseable dates,PASS,0,0,
PAIR_2014_West_NH: date.year == year,PASS,0,0,
PAIR_2014_West_NH: pair-key identity,PASS,['2014|West_NH'],"['2014_West_NH', '2014|West_NH', 'PAIR_2014_West_NH']",Accepts common builder spellings such as 2012|Central and PAIR_2012_Central.
PAIR_2014_West_NH: duplicate cell-days,PASS,0,0,Duplicate spatial-day rows are a hard data-integrity failure.
PAIR_2014_West_NH: target NaN,PASS,0,0,
PAIR_2014_West_NH: target finite,PASS,0,0,
PAIR_2014_West_NH: stored feature width,PASS,651,651,
PAIR_2014_West_NH: canonical features resolved,PASS,"{'direct': 213, 'translated': 438, 'absent': 0}","{'resolved': 651, 'absent': 0}",Absent examples: []
PAIR_2014_West_NH: historical 213/438 resolver sanity,PASS,"{'direct': 213, 'translated': 438}","{'direct': 213, 'translated': 438}","If this warns but absent=0, inspect manifest/version before calling it an error."
PAIR_2014_West_NH: no target-derived feature names,PASS,[],[],
PAIR_2014_West_NH: lag1 feature count,PASS,73,73,
PAIR_2014_West_NH: rolling feature count,PASS,438,438,
PAIR_2014_West_NH: total temporal derivatives,PASS,511,511,
PAIR_2014_West_NH: infinite feature values,PASS,0,0,
PAIR_2014_West_NH: raw feature NaN cells,WARN,116143,0,Raw trainable shards may legitimately contain missing values; production preprocessing must handle them consistently.
PAIR_2014_West_NH: all-NaN features,WARN,"['burned_weighted_frac_500km', 'burned_nearest_km_500km', 'AOD_047']",[],Investigate whether these are structurally unavailable in this block or accidentally lost.
PAIR_2014_West_NH: constant/all-NaN features,WARN,"['burned_frac_500km', 'burned_weighted_frac_500km', 'burned_nearest_km_500km', 'AOD_047']",[],"Constant columns are diagnostic warnings, not automatically corruption."
PAIR_2014_West_SW: required key columns,PASS,[],none missing,Missing keys prevent a valid training block.
PAIR_2014_West_SW: year identity,PASS,[2014],[2014],
PAIR_2014_West_SW: region identity,PASS,['West_SW'],['West_SW'],
PAIR_2014_West_SW: parseable dates,PASS,0,0,
PAIR_2014_West_SW: date.year == year,PASS,0,0,
PAIR_2014_West_SW: pair-key identity,PASS,['2014|West_SW'],"['2014_West_SW', '2014|West_SW', 'PAIR_2014_West_SW']",Accepts common builder spellings such as 2012|Central and PAIR_2012_Central.
PAIR_2014_West_SW: duplicate cell-days,PASS,0,0,Duplicate spatial-day rows are a hard data-integrity failure.
PAIR_2014_West_SW: target NaN,PASS,0,0,
PAIR_2014_West_SW: target finite,PASS,0,0,
PAIR_2014_West_SW: stored feature width,PASS,651,651,
PAIR_2014_West_SW: canonical features resolved,PASS,"{'direct': 213, 'translated': 438, 'absent': 0}","{'resolved': 651, 'absent': 0}",Absent examples: []
PAIR_2014_West_SW: historical 213/438 resolver sanity,PASS,"{'direct': 213, 'translated': 438}","{'direct': 213, 'translated': 438}","If this warns but absent=0, inspect manifest/version before calling it an error."
PAIR_2014_West_SW: no target-derived feature names,PASS,[],[],
PAIR_2014_West_SW: lag1 feature count,PASS,73,73,
PAIR_2014_West_SW: rolling feature count,PASS,438,438,
PAIR_2014_West_SW: total temporal derivatives,PASS,511,511,
PAIR_2014_West_SW: infinite feature values,PASS,0,0,
PAIR_2014_West_SW: raw feature NaN cells,WARN,176341,0,Raw trainable shards may legitimately contain missing values; production preprocessing must handle them consistently.
PAIR_2014_West_SW: all-NaN features,WARN,"['burned_weighted_frac_500km', 'burned_nearest_km_500km', 'AOD_047']",[],Investigate whether these are structurally unavailable in this block or accidentally lost.
PAIR_2014_West_SW: constant/all-NaN features,WARN,"['burned_frac_500km', 'burned_weighted_frac_500km', 'burned_nearest_km_500km', 'AOD_047']",[],"Constant columns are diagnostic warnings, not automatically corruption."
PAIR_2015_Central: required key columns,PASS,[],none missing,Missing keys prevent a valid training block.
PAIR_2015_Central: year identity,PASS,[2015],[2015],
PAIR_2015_Central: region identity,PASS,['Central'],['Central'],
PAIR_2015_Central: parseable dates,PASS,0,0,
PAIR_2015_Central: date.year == year,PASS,0,0,
PAIR_2015_Central: pair-key identity,PASS,['2015|Central'],"['2015_Central', '2015|Central', 'PAIR_2015_Central']",Accepts common builder spellings such as 2012|Central and PAIR_2012_Central.
PAIR_2015_Central: duplicate cell-days,PASS,0,0,Duplicate spatial-day rows are a hard data-integrity failure.
PAIR_2015_Central: target NaN,PASS,0,0,
PAIR_2015_Central: target finite,PASS,0,0,
PAIR_2015_Central: stored feature width,PASS,651,651,
PAIR_2015_Central: canonical features resolved,PASS,"{'direct': 213, 'translated': 438, 'absent': 0}","{'resolved': 651, 'absent': 0}",Absent examples: []
PAIR_2015_Central: historical 213/438 resolver sanity,PASS,"{'direct': 213, 'translated': 438}","{'direct': 213, 'translated': 438}","If this warns but absent=0, inspect manifest/version before calling it an error."
PAIR_2015_Central: no target-derived feature names,PASS,[],[],
PAIR_2015_Central: lag1 feature count,PASS,73,73,
PAIR_2015_Central: rolling feature count,PASS,438,438,
PAIR_2015_Central: total temporal derivatives,PASS,511,511,
PAIR_2015_Central: infinite feature values,PASS,0,0,
PAIR_2015_Central: raw feature NaN cells,WARN,27444,0,Raw trainable shards may legitimately contain missing values; production preprocessing must handle them consistently.
PAIR_2015_Central: all-NaN features,WARN,"['burned_weighted_frac_500km', 'burned_nearest_km_500km', 'AOD_047']",[],Investigate whether these are structurally unavailable in this block or accidentally lost.
PAIR_2015_Central: constant/all-NaN features,WARN,"['burned_weighted_frac_500km', 'burned_nearest_km_500km', 'AOD_047']",[],"Constant columns are diagnostic warnings, not automatically corruption."
PAIR_2015_East: required key columns,PASS,[],none missing,Missing keys prevent a valid training block.
PAIR_2015_East: year identity,PASS,[2015],[2015],
PAIR_2015_East: region identity,PASS,['East'],['East'],
PAIR_2015_East: parseable dates,PASS,0,0,
PAIR_2015_East: date.year == year,PASS,0,0,
PAIR_2015_East: pair-key identity,PASS,['2015|East'],"['2015_East', '2015|East', 'PAIR_2015_East']",Accepts common builder spellings such as 2012|Central and PAIR_2012_Central.
PAIR_2015_East: duplicate cell-days,PASS,0,0,Duplicate spatial-day rows are a hard data-integrity failure.
PAIR_2015_East: target NaN,PASS,0,0,
PAIR_2015_East: target finite,PASS,0,0,
PAIR_2015_East: stored feature width,PASS,651,651,
PAIR_2015_East: canonical features resolved,PASS,"{'direct': 213, 'translated': 438, 'absent': 0}","{'resolved': 651, 'absent': 0}",Absent examples: []
PAIR_2015_East: historical 213/438 resolver sanity,PASS,"{'direct': 213, 'translated': 438}","{'direct': 213, 'translated': 438}","If this warns but absent=0, inspect manifest/version before calling it an error."
PAIR_2015_East: no target-derived feature names,PASS,[],[],
PAIR_2015_East: lag1 feature count,PASS,73,73,
PAIR_2015_East: rolling feature count,PASS,438,438,
PAIR_2015_East: total temporal derivatives,PASS,511,511,
PAIR_2015_East: infinite feature values,PASS,0,0,
PAIR_2015_East: raw feature NaN cells,WARN,29252,0,Raw trainable shards may legitimately contain missing values; production preprocessing must handle them consistently.
PAIR_2015_East: all-NaN features,WARN,"['burned_weighted_frac_500km', 'burned_nearest_km_500km', 'AOD_047']",[],Investigate whether these are structurally unavailable in this block or accidentally lost.
PAIR_2015_East: constant/all-NaN features,WARN,"['burned_weighted_frac_500km', 'burned_nearest_km_500km', 'AOD_047']",[],"Constant columns are diagnostic warnings, not automatically corruption."
PAIR_2015_North: required key columns,PASS,[],none missing,Missing keys prevent a valid training block.
PAIR_2015_North: year identity,PASS,[2015],[2015],
PAIR_2015_North: region identity,PASS,['North'],['North'],
PAIR_2015_North: parseable dates,PASS,0,0,
PAIR_2015_North: date.year == year,PASS,0,0,
PAIR_2015_North: pair-key identity,PASS,['2015|North'],"['2015_North', '2015|North', 'PAIR_2015_North']",Accepts common builder spellings such as 2012|Central and PAIR_2012_Central.
PAIR_2015_North: duplicate cell-days,PASS,0,0,Duplicate spatial-day rows are a hard data-integrity failure.
PAIR_2015_North: target NaN,PASS,0,0,
PAIR_2015_North: target finite,PASS,0,0,
PAIR_2015_North: stored feature width,PASS,651,651,
PAIR_2015_North: canonical features resolved,PASS,"{'direct': 213, 'translated': 438, 'absent': 0}","{'resolved': 651, 'absent': 0}",Absent examples: []
PAIR_2015_North: historical 213/438 resolver sanity,PASS,"{'direct': 213, 'translated': 438}","{'direct': 213, 'translated': 438}","If this warns but absent=0, inspect manifest/version before calling it an error."
PAIR_2015_North: no target-derived feature names,PASS,[],[],
PAIR_2015_North: lag1 feature count,PASS,73,73,
PAIR_2015_North: rolling feature count,PASS,438,438,
PAIR_2015_North: total temporal derivatives,PASS,511,511,
PAIR_2015_North: infinite feature values,PASS,0,0,
PAIR_2015_North: raw feature NaN cells,WARN,76801,0,Raw trainable shards may legitimately contain missing values; production preprocessing must handle them consistently.
PAIR_2015_North: all-NaN features,WARN,"['burned_weighted_frac_500km', 'burned_nearest_km_500km', 'AOD_047']",[],Investigate whether these are structurally unavailable in this block or accidentally lost.
PAIR_2015_North: constant/all-NaN features,WARN,"['burned_weighted_frac_500km', 'burned_nearest_km_500km', 'AOD_047']",[],"Constant columns are diagnostic warnings, not automatically corruption."
PAIR_2015_Toronto: required key columns,PASS,[],none missing,Missing keys prevent a valid training block.
PAIR_2015_Toronto: year identity,PASS,[2015],[2015],
PAIR_2015_Toronto: region identity,PASS,['Toronto'],['Toronto'],
PAIR_2015_Toronto: parseable dates,PASS,0,0,
PAIR_2015_Toronto: date.year == year,PASS,0,0,
PAIR_2015_Toronto: pair-key identity,PASS,['2015|Toronto'],"['2015_Toronto', '2015|Toronto', 'PAIR_2015_Toronto']",Accepts common builder spellings such as 2012|Central and PAIR_2012_Central.
PAIR_2015_Toronto: duplicate cell-days,PASS,0,0,Duplicate spatial-day rows are a hard data-integrity failure.
PAIR_2015_Toronto: target NaN,PASS,0,0,
PAIR_2015_Toronto: target finite,PASS,0,0,
PAIR_2015_Toronto: stored feature width,PASS,651,651,
PAIR_2015_Toronto: canonical features resolved,PASS,"{'direct': 213, 'translated': 438, 'absent': 0}","{'resolved': 651, 'absent': 0}",Absent examples: []
PAIR_2015_Toronto: historical 213/438 resolver sanity,PASS,"{'direct': 213, 'translated': 438}","{'direct': 213, 'translated': 438}","If this warns but absent=0, inspect manifest/version before calling it an error."
PAIR_2015_Toronto: no target-derived feature names,PASS,[],[],
PAIR_2015_Toronto: lag1 feature count,PASS,73,73,
PAIR_2015_Toronto: rolling feature count,PASS,438,438,
PAIR_2015_Toronto: total temporal derivatives,PASS,511,511,
PAIR_2015_Toronto: infinite feature values,PASS,0,0,
PAIR_2015_Toronto: raw feature NaN cells,WARN,15219,0,Raw trainable shards may legitimately contain missing values; production preprocessing must handle them consistently.
PAIR_2015_Toronto: all-NaN features,WARN,"['burned_weighted_frac_500km', 'burned_nearest_km_500km', 'AOD_047']",[],Investigate whether these are structurally unavailable in this block or accidentally lost.
PAIR_2015_Toronto: constant/all-NaN features,WARN,"['ca_lc_lc_majority_class', 'burned_weighted_frac_500km', 'burned_nearest_km_500km', 'AOD_047']",[],"Constant columns are diagnostic warnings, not automatically corruption."
PAIR_2015_West_NH: required key columns,PASS,[],none missing,Missing keys prevent a valid training block.
PAIR_2015_West_NH: year identity,PASS,[2015],[2015],
PAIR_2015_West_NH: region identity,PASS,['West_NH'],['West_NH'],
PAIR_2015_West_NH: parseable dates,PASS,0,0,
PAIR_2015_West_NH: date.year == year,PASS,0,0,
PAIR_2015_West_NH: pair-key identity,PASS,['2015|West_NH'],"['2015_West_NH', '2015|West_NH', 'PAIR_2015_West_NH']",Accepts common builder spellings such as 2012|Central and PAIR_2012_Central.
PAIR_2015_West_NH: duplicate cell-days,PASS,0,0,Duplicate spatial-day rows are a hard data-integrity failure.
PAIR_2015_West_NH: target NaN,PASS,0,0,
PAIR_2015_West_NH: target finite,PASS,0,0,
PAIR_2015_West_NH: stored feature width,PASS,651,651,
PAIR_2015_West_NH: canonical features resolved,PASS,"{'direct': 213, 'translated': 438, 'absent': 0}","{'resolved': 651, 'absent': 0}",Absent examples: []
PAIR_2015_West_NH: historical 213/438 resolver sanity,PASS,"{'direct': 213, 'translated': 438}","{'direct': 213, 'translated': 438}","If this warns but absent=0, inspect manifest/version before calling it an error."
PAIR_2015_West_NH: no target-derived feature names,PASS,[],[],
PAIR_2015_West_NH: lag1 feature count,PASS,73,73,
PAIR_2015_West_NH: rolling feature count,PASS,438,438,
PAIR_2015_West_NH: total temporal derivatives,PASS,511,511,
PAIR_2015_West_NH: infinite feature values,PASS,0,0,
PAIR_2015_West_NH: raw feature NaN cells,WARN,116367,0,Raw trainable shards may legitimately contain missing values; production preprocessing must handle them consistently.
PAIR_2015_West_NH: all-NaN features,WARN,"['burned_weighted_frac_500km', 'burned_nearest_km_500km', 'AOD_047']",[],Investigate whether these are structurally unavailable in this block or accidentally lost.
PAIR_2015_West_NH: constant/all-NaN features,WARN,"['burned_weighted_frac_500km', 'burned_nearest_km_500km', 'AOD_047']",[],"Constant columns are diagnostic warnings, not automatically corruption."
PAIR_2015_West_SW: required key columns,PASS,[],none missing,Missing keys prevent a valid training block.
PAIR_2015_West_SW: year identity,PASS,[2015],[2015],
PAIR_2015_West_SW: region identity,PASS,['West_SW'],['West_SW'],
PAIR_2015_West_SW: parseable dates,PASS,0,0,
PAIR_2015_West_SW: date.year == year,PASS,0,0,
PAIR_2015_West_SW: pair-key identity,PASS,['2015|West_SW'],"['2015_West_SW', '2015|West_SW', 'PAIR_2015_West_SW']",Accepts common builder spellings such as 2012|Central and PAIR_2012_Central.
PAIR_2015_West_SW: duplicate cell-days,PASS,0,0,Duplicate spatial-day rows are a hard data-integrity failure.
PAIR_2015_West_SW: target NaN,PASS,0,0,
PAIR_2015_West_SW: target finite,PASS,0,0,
PAIR_2015_West_SW: stored feature width,PASS,651,651,
PAIR_2015_West_SW: canonical features resolved,PASS,"{'direct': 213, 'translated': 438, 'absent': 0}","{'resolved': 651, 'absent': 0}",Absent examples: []
PAIR_2015_West_SW: historical 213/438 resolver sanity,PASS,"{'direct': 213, 'translated': 438}","{'direct': 213, 'translated': 438}","If this warns but absent=0, inspect manifest/version before calling it an error."
PAIR_2015_West_SW: no target-derived feature names,PASS,[],[],
PAIR_2015_West_SW: lag1 feature count,PASS,73,73,
PAIR_2015_West_SW: rolling feature count,PASS,438,438,
PAIR_2015_West_SW: total temporal derivatives,PASS,511,511,
PAIR_2015_West_SW: infinite feature values,PASS,0,0,
PAIR_2015_West_SW: raw feature NaN cells,WARN,172347,0,Raw trainable shards may legitimately contain missing values; production preprocessing must handle them consistently.
PAIR_2015_West_SW: all-NaN features,WARN,"['burned_weighted_frac_500km', 'burned_nearest_km_500km', 'AOD_047']",[],Investigate whether these are structurally unavailable in this block or accidentally lost.
PAIR_2015_West_SW: constant/all-NaN features,WARN,"['burned_weighted_frac_500km', 'burned_nearest_km_500km', 'AOD_047']",[],"Constant columns are diagnostic warnings, not automatically corruption."
PAIR_2016_Central: required key columns,PASS,[],none missing,Missing keys prevent a valid training block.
PAIR_2016_Central: year identity,PASS,[2016],[2016],
PAIR_2016_Central: region identity,PASS,['Central'],['Central'],
PAIR_2016_Central: parseable dates,PASS,0,0,
PAIR_2016_Central: date.year == year,PASS,0,0,
PAIR_2016_Central: pair-key identity,PASS,['2016|Central'],"['2016_Central', '2016|Central', 'PAIR_2016_Central']",Accepts common builder spellings such as 2012|Central and PAIR_2012_Central.
PAIR_2016_Central: duplicate cell-days,PASS,0,0,Duplicate spatial-day rows are a hard data-integrity failure.
PAIR_2016_Central: target NaN,PASS,0,0,
PAIR_2016_Central: target finite,PASS,0,0,
PAIR_2016_Central: stored feature width,PASS,651,651,
PAIR_2016_Central: canonical features resolved,PASS,"{'direct': 213, 'translated': 438, 'absent': 0}","{'resolved': 651, 'absent': 0}",Absent examples: []
PAIR_2016_Central: historical 213/438 resolver sanity,PASS,"{'direct': 213, 'translated': 438}","{'direct': 213, 'translated': 438}","If this warns but absent=0, inspect manifest/version before calling it an error."
PAIR_2016_Central: no target-derived feature names,PASS,[],[],
PAIR_2016_Central: lag1 feature count,PASS,73,73,
PAIR_2016_Central: rolling feature count,PASS,438,438,
PAIR_2016_Central: total temporal derivatives,PASS,511,511,
PAIR_2016_Central: infinite feature values,PASS,0,0,
PAIR_2016_Central: raw feature NaN cells,WARN,11692,0,Raw trainable shards may legitimately contain missing values; production preprocessing must handle them consistently.
PAIR_2016_Central: all-NaN features,WARN,"['burned_weighted_frac_500km', 'burned_nearest_km_500km', 'AOD_047']",[],Investigate whether these are structurally unavailable in this block or accidentally lost.
PAIR_2016_Central: constant/all-NaN features,WARN,"['burned_weighted_frac_500km', 'burned_nearest_km_500km', 'AOD_047']",[],"Constant columns are diagnostic warnings, not automatically corruption."
PAIR_2016_East: required key columns,PASS,[],none missing,Missing keys prevent a valid training block.
PAIR_2016_East: year identity,PASS,[2016],[2016],
PAIR_2016_East: region identity,PASS,['East'],['East'],
PAIR_2016_East: parseable dates,PASS,0,0,
PAIR_2016_East: date.year == year,PASS,0,0,
PAIR_2016_East: pair-key identity,PASS,['2016|East'],"['2016_East', '2016|East', 'PAIR_2016_East']",Accepts common builder spellings such as 2012|Central and PAIR_2012_Central.
PAIR_2016_East: duplicate cell-days,PASS,0,0,Duplicate spatial-day rows are a hard data-integrity failure.
PAIR_2016_East: target NaN,PASS,0,0,
PAIR_2016_East: target finite,PASS,0,0,
PAIR_2016_East: stored feature width,PASS,651,651,
PAIR_2016_East: canonical features resolved,PASS,"{'direct': 213, 'translated': 438, 'absent': 0}","{'resolved': 651, 'absent': 0}",Absent examples: []
PAIR_2016_East: historical 213/438 resolver sanity,PASS,"{'direct': 213, 'translated': 438}","{'direct': 213, 'translated': 438}","If this warns but absent=0, inspect manifest/version before calling it an error."
PAIR_2016_East: no target-derived feature names,PASS,[],[],
PAIR_2016_East: lag1 feature count,PASS,73,73,
PAIR_2016_East: rolling feature count,PASS,438,438,
PAIR_2016_East: total temporal derivatives,PASS,511,511,
PAIR_2016_East: infinite feature values,PASS,0,0,
PAIR_2016_East: raw feature NaN cells,WARN,28193,0,Raw trainable shards may legitimately contain missing values; production preprocessing must handle them consistently.
PAIR_2016_East: all-NaN features,WARN,"['burned_weighted_frac_500km', 'burned_nearest_km_500km', 'AOD_047']",[],Investigate whether these are structurally unavailable in this block or accidentally lost.
PAIR_2016_East: constant/all-NaN features,WARN,"['burned_weighted_frac_500km', 'burned_nearest_km_500km', 'AOD_047']",[],"Constant columns are diagnostic warnings, not automatically corruption."
PAIR_2016_North: required key columns,PASS,[],none missing,Missing keys prevent a valid training block.
PAIR_2016_North: year identity,PASS,[2016],[2016],
PAIR_2016_North: region identity,PASS,['North'],['North'],
PAIR_2016_North: parseable dates,PASS,0,0,
PAIR_2016_North: date.year == year,PASS,0,0,
PAIR_2016_North: pair-key identity,PASS,['2016|North'],"['2016_North', '2016|North', 'PAIR_2016_North']",Accepts common builder spellings such as 2012|Central and PAIR_2012_Central.
PAIR_2016_North: duplicate cell-days,PASS,0,0,Duplicate spatial-day rows are a hard data-integrity failure.
PAIR_2016_North: target NaN,PASS,0,0,
PAIR_2016_North: target finite,PASS,0,0,
PAIR_2016_North: stored feature width,PASS,651,651,
PAIR_2016_North: canonical features resolved,PASS,"{'direct': 213, 'translated': 438, 'absent': 0}","{'resolved': 651, 'absent': 0}",Absent examples: []
PAIR_2016_North: historical 213/438 resolver sanity,PASS,"{'direct': 213, 'translated': 438}","{'direct': 213, 'translated': 438}","If this warns but absent=0, inspect manifest/version before calling it an error."
PAIR_2016_North: no target-derived feature names,PASS,[],[],
PAIR_2016_North: lag1 feature count,PASS,73,73,
PAIR_2016_North: rolling feature count,PASS,438,438,
PAIR_2016_North: total temporal derivatives,PASS,511,511,
PAIR_2016_North: infinite feature values,PASS,0,0,
PAIR_2016_North: raw feature NaN cells,WARN,74102,0,Raw trainable shards may legitimately contain missing values; production preprocessing must handle them consistently.
PAIR_2016_North: all-NaN features,WARN,"['burned_weighted_frac_500km', 'burned_nearest_km_500km', 'AOD_047']",[],Investigate whether these are structurally unavailable in this block or accidentally lost.
PAIR_2016_North: constant/all-NaN features,WARN,"['burned_weighted_frac_500km', 'burned_nearest_km_500km', 'AOD_047']",[],"Constant columns are diagnostic warnings, not automatically corruption."
PAIR_2016_Toronto: required key columns,PASS,[],none missing,Missing keys prevent a valid training block.
PAIR_2016_Toronto: year identity,PASS,[2016],[2016],
PAIR_2016_Toronto: region identity,PASS,['Toronto'],['Toronto'],
PAIR_2016_Toronto: parseable dates,PASS,0,0,
PAIR_2016_Toronto: date.year == year,PASS,0,0,
PAIR_2016_Toronto: pair-key identity,PASS,['2016|Toronto'],"['2016_Toronto', '2016|Toronto', 'PAIR_2016_Toronto']",Accepts common builder spellings such as 2012|Central and PAIR_2012_Central.
PAIR_2016_Toronto: duplicate cell-days,PASS,0,0,Duplicate spatial-day rows are a hard data-integrity failure.
PAIR_2016_Toronto: target NaN,PASS,0,0,
PAIR_2016_Toronto: target finite,PASS,0,0,
PAIR_2016_Toronto: stored feature width,PASS,651,651,
PAIR_2016_Toronto: canonical features resolved,PASS,"{'direct': 213, 'translated': 438, 'absent': 0}","{'resolved': 651, 'absent': 0}",Absent examples: []
PAIR_2016_Toronto: historical 213/438 resolver sanity,PASS,"{'direct': 213, 'translated': 438}","{'direct': 213, 'translated': 438}","If this warns but absent=0, inspect manifest/version before calling it an error."
PAIR_2016_Toronto: no target-derived feature names,PASS,[],[],
PAIR_2016_Toronto: lag1 feature count,PASS,73,73,
PAIR_2016_Toronto: rolling feature count,PASS,438,438,
PAIR_2016_Toronto: total temporal derivatives,PASS,511,511,
PAIR_2016_Toronto: infinite feature values,PASS,0,0,
PAIR_2016_Toronto: raw feature NaN cells,WARN,13978,0,Raw trainable shards may legitimately contain missing values; production preprocessing must handle them consistently.
PAIR_2016_Toronto: all-NaN features,WARN,"['burned_weighted_frac_500km', 'burned_nearest_km_500km', 'AOD_047']",[],Investigate whether these are structurally unavailable in this block or accidentally lost.
PAIR_2016_Toronto: constant/all-NaN features,WARN,"['ca_lc_lc_majority_class', 'burned_weighted_frac_500km', 'burned_nearest_km_500km', 'AOD_047']",[],"Constant columns are diagnostic warnings, not automatically corruption."
PAIR_2016_West_NH: required key columns,PASS,[],none missing,Missing keys prevent a valid training block.
PAIR_2016_West_NH: year identity,PASS,[2016],[2016],
PAIR_2016_West_NH: region identity,PASS,['West_NH'],['West_NH'],
PAIR_2016_West_NH: parseable dates,PASS,0,0,
PAIR_2016_West_NH: date.year == year,PASS,0,0,
PAIR_2016_West_NH: pair-key identity,PASS,['2016|West_NH'],"['2016_West_NH', '2016|West_NH', 'PAIR_2016_West_NH']",Accepts common builder spellings such as 2012|Central and PAIR_2012_Central.
PAIR_2016_West_NH: duplicate cell-days,PASS,0,0,Duplicate spatial-day rows are a hard data-integrity failure.
PAIR_2016_West_NH: target NaN,PASS,0,0,
PAIR_2016_West_NH: target finite,PASS,0,0,
PAIR_2016_West_NH: stored feature width,PASS,651,651,
PAIR_2016_West_NH: canonical features resolved,PASS,"{'direct': 213, 'translated': 438, 'absent': 0}","{'resolved': 651, 'absent': 0}",Absent examples: []
PAIR_2016_West_NH: historical 213/438 resolver sanity,PASS,"{'direct': 213, 'translated': 438}","{'direct': 213, 'translated': 438}","If this warns but absent=0, inspect manifest/version before calling it an error."
PAIR_2016_West_NH: no target-derived feature names,PASS,[],[],
PAIR_2016_West_NH: lag1 feature count,PASS,73,73,
PAIR_2016_West_NH: rolling feature count,PASS,438,438,
PAIR_2016_West_NH: total temporal derivatives,PASS,511,511,
PAIR_2016_West_NH: infinite feature values,PASS,0,0,
PAIR_2016_West_NH: raw feature NaN cells,WARN,64964,0,Raw trainable shards may legitimately contain missing values; production preprocessing must handle them consistently.
PAIR_2016_West_NH: all-NaN features,WARN,"['burned_weighted_frac_500km', 'burned_nearest_km_500km', 'AOD_047']",[],Investigate whether these are structurally unavailable in this block or accidentally lost.
PAIR_2016_West_NH: constant/all-NaN features,WARN,"['burned_weighted_frac_500km', 'burned_nearest_km_500km', 'AOD_047']",[],"Constant columns are diagnostic warnings, not automatically corruption."
PAIR_2016_West_SW: required key columns,PASS,[],none missing,Missing keys prevent a valid training block.
PAIR_2016_West_SW: year identity,PASS,[2016],[2016],
PAIR_2016_West_SW: region identity,PASS,['West_SW'],['West_SW'],
PAIR_2016_West_SW: parseable dates,PASS,0,0,
PAIR_2016_West_SW: date.year == year,PASS,0,0,
PAIR_2016_West_SW: pair-key identity,PASS,['2016|West_SW'],"['2016_West_SW', '2016|West_SW', 'PAIR_2016_West_SW']",Accepts common builder spellings such as 2012|Central and PAIR_2012_Central.
PAIR_2016_West_SW: duplicate cell-days,PASS,0,0,Duplicate spatial-day rows are a hard data-integrity failure.
PAIR_2016_West_SW: target NaN,PASS,0,0,
PAIR_2016_West_SW: target finite,PASS,0,0,
PAIR_2016_West_SW: stored feature width,PASS,651,651,
PAIR_2016_West_SW: canonical features resolved,PASS,"{'direct': 213, 'translated': 438, 'absent': 0}","{'resolved': 651, 'absent': 0}",Absent examples: []
PAIR_2016_West_SW: historical 213/438 resolver sanity,PASS,"{'direct': 213, 'translated': 438}","{'direct': 213, 'translated': 438}","If this warns but absent=0, inspect manifest/version before calling it an error."
PAIR_2016_West_SW: no target-derived feature names,PASS,[],[],
PAIR_2016_West_SW: lag1 feature count,PASS,73,73,
PAIR_2016_West_SW: rolling feature count,PASS,438,438,
PAIR_2016_West_SW: total temporal derivatives,PASS,511,511,
PAIR_2016_West_SW: infinite feature values,PASS,0,0,
PAIR_2016_West_SW: raw feature NaN cells,WARN,149722,0,Raw trainable shards may legitimately contain missing values; production preprocessing must handle them consistently.
PAIR_2016_West_SW: all-NaN features,WARN,"['burned_weighted_frac_500km', 'burned_nearest_km_500km', 'AOD_047']",[],Investigate whether these are structurally unavailable in this block or accidentally lost.
PAIR_2016_West_SW: constant/all-NaN features,WARN,"['burned_weighted_frac_500km', 'burned_nearest_km_500km', 'AOD_047']",[],"Constant columns are diagnostic warnings, not automatically corruption."
PAIR_2017_Central: required key columns,PASS,[],none missing,Missing keys prevent a valid training block.
PAIR_2017_Central: year identity,PASS,[2017],[2017],
PAIR_2017_Central: region identity,PASS,['Central'],['Central'],
PAIR_2017_Central: parseable dates,PASS,0,0,
PAIR_2017_Central: date.year == year,PASS,0,0,
PAIR_2017_Central: pair-key identity,PASS,['2017|Central'],"['2017_Central', '2017|Central', 'PAIR_2017_Central']",Accepts common builder spellings such as 2012|Central and PAIR_2012_Central.
PAIR_2017_Central: duplicate cell-days,PASS,0,0,Duplicate spatial-day rows are a hard data-integrity failure.
PAIR_2017_Central: target NaN,PASS,0,0,
PAIR_2017_Central: target finite,PASS,0,0,
PAIR_2017_Central: stored feature width,PASS,651,651,
PAIR_2017_Central: canonical features resolved,PASS,"{'direct': 213, 'translated': 438, 'absent': 0}","{'resolved': 651, 'absent': 0}",Absent examples: []
PAIR_2017_Central: historical 213/438 resolver sanity,PASS,"{'direct': 213, 'translated': 438}","{'direct': 213, 'translated': 438}","If this warns but absent=0, inspect manifest/version before calling it an error."
PAIR_2017_Central: no target-derived feature names,PASS,[],[],
PAIR_2017_Central: lag1 feature count,PASS,73,73,
PAIR_2017_Central: rolling feature count,PASS,438,438,
PAIR_2017_Central: total temporal derivatives,PASS,511,511,
PAIR_2017_Central: infinite feature values,PASS,0,0,
PAIR_2017_Central: raw feature NaN cells,WARN,26355,0,Raw trainable shards may legitimately contain missing values; production preprocessing must handle them consistently.
PAIR_2017_Central: all-NaN features,WARN,"['burned_weighted_frac_500km', 'burned_nearest_km_500km', 'AOD_047']",[],Investigate whether these are structurally unavailable in this block or accidentally lost.
PAIR_2017_Central: constant/all-NaN features,WARN,"['burned_weighted_frac_500km', 'burned_nearest_km_500km', 'AOD_047']",[],"Constant columns are diagnostic warnings, not automatically corruption."
PAIR_2017_East: required key columns,PASS,[],none missing,Missing keys prevent a valid training block.
PAIR_2017_East: year identity,PASS,[2017],[2017],
PAIR_2017_East: region identity,PASS,['East'],['East'],
PAIR_2017_East: parseable dates,PASS,0,0,
PAIR_2017_East: date.year == year,PASS,0,0,
PAIR_2017_East: pair-key identity,PASS,['2017|East'],"['2017_East', '2017|East', 'PAIR_2017_East']",Accepts common builder spellings such as 2012|Central and PAIR_2012_Central.
PAIR_2017_East: duplicate cell-days,PASS,0,0,Duplicate spatial-day rows are a hard data-integrity failure.
PAIR_2017_East: target NaN,PASS,0,0,
PAIR_2017_East: target finite,PASS,0,0,
PAIR_2017_East: stored feature width,PASS,651,651,
PAIR_2017_East: canonical features resolved,PASS,"{'direct': 213, 'translated': 438, 'absent': 0}","{'resolved': 651, 'absent': 0}",Absent examples: []
PAIR_2017_East: historical 213/438 resolver sanity,PASS,"{'direct': 213, 'translated': 438}","{'direct': 213, 'translated': 438}","If this warns but absent=0, inspect manifest/version before calling it an error."
PAIR_2017_East: no target-derived feature names,PASS,[],[],
PAIR_2017_East: lag1 feature count,PASS,73,73,
PAIR_2017_East: rolling feature count,PASS,438,438,
PAIR_2017_East: total temporal derivatives,PASS,511,511,
PAIR_2017_East: infinite feature values,PASS,0,0,
PAIR_2017_East: raw feature NaN cells,WARN,28994,0,Raw trainable shards may legitimately contain missing values; production preprocessing must handle them consistently.
PAIR_2017_East: all-NaN features,WARN,"['burned_weighted_frac_500km', 'burned_nearest_km_500km', 'AOD_047']",[],Investigate whether these are structurally unavailable in this block or accidentally lost.
PAIR_2017_East: constant/all-NaN features,WARN,"['burned_weighted_frac_500km', 'burned_nearest_km_500km', 'AOD_047']",[],"Constant columns are diagnostic warnings, not automatically corruption."
PAIR_2017_North: required key columns,PASS,[],none missing,Missing keys prevent a valid training block.
PAIR_2017_North: year identity,PASS,[2017],[2017],
PAIR_2017_North: region identity,PASS,['North'],['North'],
PAIR_2017_North: parseable dates,PASS,0,0,
PAIR_2017_North: date.year == year,PASS,0,0,
PAIR_2017_North: pair-key identity,PASS,['2017|North'],"['2017_North', '2017|North', 'PAIR_2017_North']",Accepts common builder spellings such as 2012|Central and PAIR_2012_Central.
PAIR_2017_North: duplicate cell-days,PASS,0,0,Duplicate spatial-day rows are a hard data-integrity failure.
PAIR_2017_North: target NaN,PASS,0,0,
PAIR_2017_North: target finite,PASS,0,0,
PAIR_2017_North: stored feature width,PASS,651,651,
PAIR_2017_North: canonical features resolved,PASS,"{'direct': 213, 'translated': 438, 'absent': 0}","{'resolved': 651, 'absent': 0}",Absent examples: []
PAIR_2017_North: historical 213/438 resolver sanity,PASS,"{'direct': 213, 'translated': 438}","{'direct': 213, 'translated': 438}","If this warns but absent=0, inspect manifest/version before calling it an error."
PAIR_2017_North: no target-derived feature names,PASS,[],[],
PAIR_2017_North: lag1 feature count,PASS,73,73,
PAIR_2017_North: rolling feature count,PASS,438,438,
PAIR_2017_North: total temporal derivatives,PASS,511,511,
PAIR_2017_North: infinite feature values,PASS,0,0,
PAIR_2017_North: raw feature NaN cells,WARN,79549,0,Raw trainable shards may legitimately contain missing values; production preprocessing must handle them consistently.
PAIR_2017_North: all-NaN features,WARN,"['burned_weighted_frac_500km', 'burned_nearest_km_500km', 'AOD_047']",[],Investigate whether these are structurally unavailable in this block or accidentally lost.
PAIR_2017_North: constant/all-NaN features,WARN,"['burned_weighted_frac_500km', 'burned_nearest_km_500km', 'AOD_047']",[],"Constant columns are diagnostic warnings, not automatically corruption."
PAIR_2017_Toronto: required key columns,PASS,[],none missing,Missing keys prevent a valid training block.
PAIR_2017_Toronto: year identity,PASS,[2017],[2017],
PAIR_2017_Toronto: region identity,PASS,['Toronto'],['Toronto'],
PAIR_2017_Toronto: parseable dates,PASS,0,0,
PAIR_2017_Toronto: date.year == year,PASS,0,0,
PAIR_2017_Toronto: pair-key identity,PASS,['2017|Toronto'],"['2017_Toronto', '2017|Toronto', 'PAIR_2017_Toronto']",Accepts common builder spellings such as 2012|Central and PAIR_2012_Central.
PAIR_2017_Toronto: duplicate cell-days,PASS,0,0,Duplicate spatial-day rows are a hard data-integrity failure.
PAIR_2017_Toronto: target NaN,PASS,0,0,
PAIR_2017_Toronto: target finite,PASS,0,0,
PAIR_2017_Toronto: stored feature width,PASS,651,651,
PAIR_2017_Toronto: canonical features resolved,PASS,"{'direct': 213, 'translated': 438, 'absent': 0}","{'resolved': 651, 'absent': 0}",Absent examples: []
PAIR_2017_Toronto: historical 213/438 resolver sanity,PASS,"{'direct': 213, 'translated': 438}","{'direct': 213, 'translated': 438}","If this warns but absent=0, inspect manifest/version before calling it an error."
PAIR_2017_Toronto: no target-derived feature names,PASS,[],[],
PAIR_2017_Toronto: lag1 feature count,PASS,73,73,
PAIR_2017_Toronto: rolling feature count,PASS,438,438,
PAIR_2017_Toronto: total temporal derivatives,PASS,511,511,
PAIR_2017_Toronto: infinite feature values,PASS,0,0,
PAIR_2017_Toronto: raw feature NaN cells,WARN,14171,0,Raw trainable shards may legitimately contain missing values; production preprocessing must handle them consistently.
PAIR_2017_Toronto: all-NaN features,WARN,"['burned_weighted_frac_500km', 'burned_nearest_km_500km', 'AOD_047']",[],Investigate whether these are structurally unavailable in this block or accidentally lost.
PAIR_2017_Toronto: constant/all-NaN features,WARN,"['ca_lc_lc_majority_class', 'burned_weighted_frac_500km', 'burned_nearest_km_500km', 'AOD_047', 'aod_obs_flag', 'aod_imputed_flag']",[],"Constant columns are diagnostic warnings, not automatically corruption."
PAIR_2017_West_NH: required key columns,PASS,[],none missing,Missing keys prevent a valid training block.
PAIR_2017_West_NH: year identity,PASS,[2017],[2017],
PAIR_2017_West_NH: region identity,PASS,['West_NH'],['West_NH'],
PAIR_2017_West_NH: parseable dates,PASS,0,0,
PAIR_2017_West_NH: date.year == year,PASS,0,0,
PAIR_2017_West_NH: pair-key identity,PASS,['2017|West_NH'],"['2017_West_NH', '2017|West_NH', 'PAIR_2017_West_NH']",Accepts common builder spellings such as 2012|Central and PAIR_2012_Central.
PAIR_2017_West_NH: duplicate cell-days,PASS,0,0,Duplicate spatial-day rows are a hard data-integrity failure.
PAIR_2017_West_NH: target NaN,PASS,0,0,
PAIR_2017_West_NH: target finite,PASS,0,0,
PAIR_2017_West_NH: stored feature width,PASS,651,651,
PAIR_2017_West_NH: canonical features resolved,PASS,"{'direct': 213, 'translated': 438, 'absent': 0}","{'resolved': 651, 'absent': 0}",Absent examples: []
PAIR_2017_West_NH: historical 213/438 resolver sanity,PASS,"{'direct': 213, 'translated': 438}","{'direct': 213, 'translated': 438}","If this warns but absent=0, inspect manifest/version before calling it an error."
PAIR_2017_West_NH: no target-derived feature names,PASS,[],[],
PAIR_2017_West_NH: lag1 feature count,PASS,73,73,
PAIR_2017_West_NH: rolling feature count,PASS,438,438,
PAIR_2017_West_NH: total temporal derivatives,PASS,511,511,
PAIR_2017_West_NH: infinite feature values,PASS,0,0,
PAIR_2017_West_NH: raw feature NaN cells,WARN,115660,0,Raw trainable shards may legitimately contain missing values; production preprocessing must handle them consistently.
PAIR_2017_West_NH: all-NaN features,WARN,"['burned_weighted_frac_500km', 'burned_nearest_km_500km', 'AOD_047']",[],Investigate whether these are structurally unavailable in this block or accidentally lost.
PAIR_2017_West_NH: constant/all-NaN features,WARN,"['burned_weighted_frac_500km', 'burned_nearest_km_500km', 'AOD_047']",[],"Constant columns are diagnostic warnings, not automatically corruption."
PAIR_2017_West_SW: required key columns,PASS,[],none missing,Missing keys prevent a valid training block.
PAIR_2017_West_SW: year identity,PASS,[2017],[2017],
PAIR_2017_West_SW: region identity,PASS,['West_SW'],['West_SW'],
PAIR_2017_West_SW: parseable dates,PASS,0,0,
PAIR_2017_West_SW: date.year == year,PASS,0,0,
PAIR_2017_West_SW: pair-key identity,PASS,['2017|West_SW'],"['2017_West_SW', '2017|West_SW', 'PAIR_2017_West_SW']",Accepts common builder spellings such as 2012|Central and PAIR_2012_Central.
PAIR_2017_West_SW: duplicate cell-days,PASS,0,0,Duplicate spatial-day rows are a hard data-integrity failure.
PAIR_2017_West_SW: target NaN,PASS,0,0,
PAIR_2017_West_SW: target finite,PASS,0,0,
PAIR_2017_West_SW: stored feature width,PASS,651,651,
PAIR_2017_West_SW: canonical features resolved,PASS,"{'direct': 213, 'translated': 438, 'absent': 0}","{'resolved': 651, 'absent': 0}",Absent examples: []
PAIR_2017_West_SW: historical 213/438 resolver sanity,PASS,"{'direct': 213, 'translated': 438}","{'direct': 213, 'translated': 438}","If this warns but absent=0, inspect manifest/version before calling it an error."
PAIR_2017_West_SW: no target-derived feature names,PASS,[],[],
PAIR_2017_West_SW: lag1 feature count,PASS,73,73,
PAIR_2017_West_SW: rolling feature count,PASS,438,438,
PAIR_2017_West_SW: total temporal derivatives,PASS,511,511,
PAIR_2017_West_SW: infinite feature values,PASS,0,0,
PAIR_2017_West_SW: raw feature NaN cells,WARN,201127,0,Raw trainable shards may legitimately contain missing values; production preprocessing must handle them consistently.
PAIR_2017_West_SW: all-NaN features,WARN,"['burned_weighted_frac_500km', 'burned_nearest_km_500km', 'AOD_047']",[],Investigate whether these are structurally unavailable in this block or accidentally lost.
PAIR_2017_West_SW: constant/all-NaN features,WARN,"['burned_weighted_frac_500km', 'burned_nearest_km_500km', 'AOD_047']",[],"Constant columns are diagnostic warnings, not automatically corruption."
PAIR_2018_Central: required key columns,PASS,[],none missing,Missing keys prevent a valid training block.
PAIR_2018_Central: year identity,PASS,[2018],[2018],
PAIR_2018_Central: region identity,PASS,['Central'],['Central'],
PAIR_2018_Central: parseable dates,PASS,0,0,
PAIR_2018_Central: date.year == year,PASS,0,0,
PAIR_2018_Central: pair-key identity,PASS,['2018|Central'],"['2018_Central', '2018|Central', 'PAIR_2018_Central']",Accepts common builder spellings such as 2012|Central and PAIR_2012_Central.
PAIR_2018_Central: duplicate cell-days,PASS,0,0,Duplicate spatial-day rows are a hard data-integrity failure.
PAIR_2018_Central: target NaN,PASS,0,0,
PAIR_2018_Central: target finite,PASS,0,0,
PAIR_2018_Central: stored feature width,PASS,651,651,
PAIR_2018_Central: canonical features resolved,PASS,"{'direct': 213, 'translated': 438, 'absent': 0}","{'resolved': 651, 'absent': 0}",Absent examples: []
PAIR_2018_Central: historical 213/438 resolver sanity,PASS,"{'direct': 213, 'translated': 438}","{'direct': 213, 'translated': 438}","If this warns but absent=0, inspect manifest/version before calling it an error."
PAIR_2018_Central: no target-derived feature names,PASS,[],[],
PAIR_2018_Central: lag1 feature count,PASS,73,73,
PAIR_2018_Central: rolling feature count,PASS,438,438,
PAIR_2018_Central: total temporal derivatives,PASS,511,511,
PAIR_2018_Central: infinite feature values,PASS,0,0,
PAIR_2018_Central: raw feature NaN cells,WARN,28306,0,Raw trainable shards may legitimately contain missing values; production preprocessing must handle them consistently.
PAIR_2018_Central: all-NaN features,WARN,"['burned_weighted_frac_500km', 'burned_nearest_km_500km']",[],Investigate whether these are structurally unavailable in this block or accidentally lost.
PAIR_2018_Central: constant/all-NaN features,WARN,"['burned_weighted_frac_500km', 'burned_nearest_km_500km']",[],"Constant columns are diagnostic warnings, not automatically corruption."
PAIR_2018_East: required key columns,PASS,[],none missing,Missing keys prevent a valid training block.
PAIR_2018_East: year identity,PASS,[2018],[2018],
PAIR_2018_East: region identity,PASS,['East'],['East'],
PAIR_2018_East: parseable dates,PASS,0,0,
PAIR_2018_East: date.year == year,PASS,0,0,
PAIR_2018_East: pair-key identity,PASS,['2018|East'],"['2018_East', '2018|East', 'PAIR_2018_East']",Accepts common builder spellings such as 2012|Central and PAIR_2012_Central.
PAIR_2018_East: duplicate cell-days,PASS,0,0,Duplicate spatial-day rows are a hard data-integrity failure.
PAIR_2018_East: target NaN,PASS,0,0,
PAIR_2018_East: target finite,PASS,0,0,
PAIR_2018_East: stored feature width,PASS,651,651,
PAIR_2018_East: canonical features resolved,PASS,"{'direct': 213, 'translated': 438, 'absent': 0}","{'resolved': 651, 'absent': 0}",Absent examples: []
PAIR_2018_East: historical 213/438 resolver sanity,PASS,"{'direct': 213, 'translated': 438}","{'direct': 213, 'translated': 438}","If this warns but absent=0, inspect manifest/version before calling it an error."
PAIR_2018_East: no target-derived feature names,PASS,[],[],
PAIR_2018_East: lag1 feature count,PASS,73,73,
PAIR_2018_East: rolling feature count,PASS,438,438,
PAIR_2018_East: total temporal derivatives,PASS,511,511,
PAIR_2018_East: infinite feature values,PASS,0,0,
PAIR_2018_East: raw feature NaN cells,WARN,29559,0,Raw trainable shards may legitimately contain missing values; production preprocessing must handle them consistently.
PAIR_2018_East: all-NaN features,WARN,"['burned_weighted_frac_500km', 'burned_nearest_km_500km']",[],Investigate whether these are structurally unavailable in this block or accidentally lost.
PAIR_2018_East: constant/all-NaN features,WARN,"['burned_weighted_frac_500km', 'burned_nearest_km_500km']",[],"Constant columns are diagnostic warnings, not automatically corruption."
PAIR_2018_North: required key columns,PASS,[],none missing,Missing keys prevent a valid training block.
PAIR_2018_North: year identity,PASS,[2018],[2018],
PAIR_2018_North: region identity,PASS,['North'],['North'],
PAIR_2018_North: parseable dates,PASS,0,0,
PAIR_2018_North: date.year == year,PASS,0,0,
PAIR_2018_North: pair-key identity,PASS,['2018|North'],"['2018_North', '2018|North', 'PAIR_2018_North']",Accepts common builder spellings such as 2012|Central and PAIR_2012_Central.
PAIR_2018_North: duplicate cell-days,PASS,0,0,Duplicate spatial-day rows are a hard data-integrity failure.
PAIR_2018_North: target NaN,PASS,0,0,
PAIR_2018_North: target finite,PASS,0,0,
PAIR_2018_North: stored feature width,PASS,651,651,
PAIR_2018_North: canonical features resolved,PASS,"{'direct': 213, 'translated': 438, 'absent': 0}","{'resolved': 651, 'absent': 0}",Absent examples: []
PAIR_2018_North: historical 213/438 resolver sanity,PASS,"{'direct': 213, 'translated': 438}","{'direct': 213, 'translated': 438}","If this warns but absent=0, inspect manifest/version before calling it an error."
PAIR_2018_North: no target-derived feature names,PASS,[],[],
PAIR_2018_North: lag1 feature count,PASS,73,73,
PAIR_2018_North: rolling feature count,PASS,438,438,
PAIR_2018_North: total temporal derivatives,PASS,511,511,
PAIR_2018_North: infinite feature values,PASS,0,0,
PAIR_2018_North: raw feature NaN cells,WARN,79196,0,Raw trainable shards may legitimately contain missing values; production preprocessing must handle them consistently.
PAIR_2018_North: all-NaN features,WARN,"['burned_weighted_frac_500km', 'burned_nearest_km_500km']",[],Investigate whether these are structurally unavailable in this block or accidentally lost.
PAIR_2018_North: constant/all-NaN features,WARN,"['burned_weighted_frac_500km', 'burned_nearest_km_500km']",[],"Constant columns are diagnostic warnings, not automatically corruption."
PAIR_2018_Toronto: required key columns,PASS,[],none missing,Missing keys prevent a valid training block.
PAIR_2018_Toronto: year identity,PASS,[2018],[2018],
PAIR_2018_Toronto: region identity,PASS,['Toronto'],['Toronto'],
PAIR_2018_Toronto: parseable dates,PASS,0,0,
PAIR_2018_Toronto: date.year == year,PASS,0,0,
PAIR_2018_Toronto: pair-key identity,PASS,['2018|Toronto'],"['2018_Toronto', '2018|Toronto', 'PAIR_2018_Toronto']",Accepts common builder spellings such as 2012|Central and PAIR_2012_Central.
PAIR_2018_Toronto: duplicate cell-days,PASS,0,0,Duplicate spatial-day rows are a hard data-integrity failure.
PAIR_2018_Toronto: target NaN,PASS,0,0,
PAIR_2018_Toronto: target finite,PASS,0,0,
PAIR_2018_Toronto: stored feature width,PASS,651,651,
PAIR_2018_Toronto: canonical features resolved,PASS,"{'direct': 213, 'translated': 438, 'absent': 0}","{'resolved': 651, 'absent': 0}",Absent examples: []
PAIR_2018_Toronto: historical 213/438 resolver sanity,PASS,"{'direct': 213, 'translated': 438}","{'direct': 213, 'translated': 438}","If this warns but absent=0, inspect manifest/version before calling it an error."
PAIR_2018_Toronto: no target-derived feature names,PASS,[],[],
PAIR_2018_Toronto: lag1 feature count,PASS,73,73,
PAIR_2018_Toronto: rolling feature count,PASS,438,438,
PAIR_2018_Toronto: total temporal derivatives,PASS,511,511,
PAIR_2018_Toronto: infinite feature values,PASS,0,0,
PAIR_2018_Toronto: raw feature NaN cells,WARN,16225,0,Raw trainable shards may legitimately contain missing values; production preprocessing must handle them consistently.
PAIR_2018_Toronto: all-NaN features,WARN,"['burned_weighted_frac_500km', 'burned_nearest_km_500km']",[],Investigate whether these are structurally unavailable in this block or accidentally lost.
PAIR_2018_Toronto: constant/all-NaN features,WARN,"['ca_lc_lc_majority_class', 'burned_weighted_frac_500km', 'burned_nearest_km_500km']",[],"Constant columns are diagnostic warnings, not automatically corruption."
PAIR_2018_West_NH: required key columns,PASS,[],none missing,Missing keys prevent a valid training block.
PAIR_2018_West_NH: year identity,PASS,[2018],[2018],
PAIR_2018_West_NH: region identity,PASS,['West_NH'],['West_NH'],
PAIR_2018_West_NH: parseable dates,PASS,0,0,
PAIR_2018_West_NH: date.year == year,PASS,0,0,
PAIR_2018_West_NH: pair-key identity,PASS,['2018|West_NH'],"['2018_West_NH', '2018|West_NH', 'PAIR_2018_West_NH']",Accepts common builder spellings such as 2012|Central and PAIR_2012_Central.
PAIR_2018_West_NH: duplicate cell-days,PASS,0,0,Duplicate spatial-day rows are a hard data-integrity failure.
PAIR_2018_West_NH: target NaN,PASS,0,0,
PAIR_2018_West_NH: target finite,PASS,0,0,
PAIR_2018_West_NH: stored feature width,PASS,651,651,
PAIR_2018_West_NH: canonical features resolved,PASS,"{'direct': 213, 'translated': 438, 'absent': 0}","{'resolved': 651, 'absent': 0}",Absent examples: []
PAIR_2018_West_NH: historical 213/438 resolver sanity,PASS,"{'direct': 213, 'translated': 438}","{'direct': 213, 'translated': 438}","If this warns but absent=0, inspect manifest/version before calling it an error."
PAIR_2018_West_NH: no target-derived feature names,PASS,[],[],
PAIR_2018_West_NH: lag1 feature count,PASS,73,73,
PAIR_2018_West_NH: rolling feature count,PASS,438,438,
PAIR_2018_West_NH: total temporal derivatives,PASS,511,511,
PAIR_2018_West_NH: infinite feature values,PASS,0,0,
PAIR_2018_West_NH: raw feature NaN cells,WARN,118154,0,Raw trainable shards may legitimately contain missing values; production preprocessing must handle them consistently.
PAIR_2018_West_NH: all-NaN features,WARN,"['burned_weighted_frac_500km', 'burned_nearest_km_500km']",[],Investigate whether these are structurally unavailable in this block or accidentally lost.
PAIR_2018_West_NH: constant/all-NaN features,WARN,"['burned_weighted_frac_500km', 'burned_nearest_km_500km']",[],"Constant columns are diagnostic warnings, not automatically corruption."
PAIR_2018_West_SW: required key columns,PASS,[],none missing,Missing keys prevent a valid training block.
PAIR_2018_West_SW: year identity,PASS,[2018],[2018],
PAIR_2018_West_SW: region identity,PASS,['West_SW'],['West_SW'],
PAIR_2018_West_SW: parseable dates,PASS,0,0,
PAIR_2018_West_SW: date.year == year,PASS,0,0,
PAIR_2018_West_SW: pair-key identity,PASS,['2018|West_SW'],"['2018_West_SW', '2018|West_SW', 'PAIR_2018_West_SW']",Accepts common builder spellings such as 2012|Central and PAIR_2012_Central.
PAIR_2018_West_SW: duplicate cell-days,PASS,0,0,Duplicate spatial-day rows are a hard data-integrity failure.
PAIR_2018_West_SW: target NaN,PASS,0,0,
PAIR_2018_West_SW: target finite,PASS,0,0,
PAIR_2018_West_SW: stored feature width,PASS,651,651,
PAIR_2018_West_SW: canonical features resolved,PASS,"{'direct': 213, 'translated': 438, 'absent': 0}","{'resolved': 651, 'absent': 0}",Absent examples: []
PAIR_2018_West_SW: historical 213/438 resolver sanity,PASS,"{'direct': 213, 'translated': 438}","{'direct': 213, 'translated': 438}","If this warns but absent=0, inspect manifest/version before calling it an error."
PAIR_2018_West_SW: no target-derived feature names,PASS,[],[],
PAIR_2018_West_SW: lag1 feature count,PASS,73,73,
PAIR_2018_West_SW: rolling feature count,PASS,438,438,
PAIR_2018_West_SW: total temporal derivatives,PASS,511,511,
PAIR_2018_West_SW: infinite feature values,PASS,0,0,
PAIR_2018_West_SW: raw feature NaN cells,WARN,226473,0,Raw trainable shards may legitimately contain missing values; production preprocessing must handle them consistently.
PAIR_2018_West_SW: all-NaN features,WARN,"['burned_weighted_frac_500km', 'burned_nearest_km_500km']",[],Investigate whether these are structurally unavailable in this block or accidentally lost.
PAIR_2018_West_SW: constant/all-NaN features,WARN,"['burned_weighted_frac_500km', 'burned_nearest_km_500km']",[],"Constant columns are diagnostic warnings, not automatically corruption."
PAIR_2019_Central: required key columns,PASS,[],none missing,Missing keys prevent a valid training block.
PAIR_2019_Central: year identity,PASS,[2019],[2019],
PAIR_2019_Central: region identity,PASS,['Central'],['Central'],
PAIR_2019_Central: parseable dates,PASS,0,0,
PAIR_2019_Central: date.year == year,PASS,0,0,
PAIR_2019_Central: pair-key identity,PASS,['2019|Central'],"['2019_Central', '2019|Central', 'PAIR_2019_Central']",Accepts common builder spellings such as 2012|Central and PAIR_2012_Central.
PAIR_2019_Central: duplicate cell-days,PASS,0,0,Duplicate spatial-day rows are a hard data-integrity failure.
PAIR_2019_Central: target NaN,PASS,0,0,
PAIR_2019_Central: target finite,PASS,0,0,
PAIR_2019_Central: stored feature width,PASS,651,651,
PAIR_2019_Central: canonical features resolved,PASS,"{'direct': 213, 'translated': 438, 'absent': 0}","{'resolved': 651, 'absent': 0}",Absent examples: []
PAIR_2019_Central: historical 213/438 resolver sanity,PASS,"{'direct': 213, 'translated': 438}","{'direct': 213, 'translated': 438}","If this warns but absent=0, inspect manifest/version before calling it an error."
PAIR_2019_Central: no target-derived feature names,PASS,[],[],
PAIR_2019_Central: lag1 feature count,PASS,73,73,
PAIR_2019_Central: rolling feature count,PASS,438,438,
PAIR_2019_Central: total temporal derivatives,PASS,511,511,
PAIR_2019_Central: infinite feature values,PASS,0,0,
PAIR_2019_Central: raw feature NaN cells,WARN,30143,0,Raw trainable shards may legitimately contain missing values; production preprocessing must handle them consistently.
PAIR_2019_Central: all-NaN features,WARN,"['burned_weighted_frac_500km', 'burned_nearest_km_500km']",[],Investigate whether these are structurally unavailable in this block or accidentally lost.
PAIR_2019_Central: constant/all-NaN features,WARN,"['burned_weighted_frac_500km', 'burned_nearest_km_500km']",[],"Constant columns are diagnostic warnings, not automatically corruption."
PAIR_2019_East: required key columns,PASS,[],none missing,Missing keys prevent a valid training block.
PAIR_2019_East: year identity,PASS,[2019],[2019],
PAIR_2019_East: region identity,PASS,['East'],['East'],
PAIR_2019_East: parseable dates,PASS,0,0,
PAIR_2019_East: date.year == year,PASS,0,0,
PAIR_2019_East: pair-key identity,PASS,['2019|East'],"['2019_East', '2019|East', 'PAIR_2019_East']",Accepts common builder spellings such as 2012|Central and PAIR_2012_Central.
PAIR_2019_East: duplicate cell-days,PASS,0,0,Duplicate spatial-day rows are a hard data-integrity failure.
PAIR_2019_East: target NaN,PASS,0,0,
PAIR_2019_East: target finite,PASS,0,0,
PAIR_2019_East: stored feature width,PASS,651,651,
PAIR_2019_East: canonical features resolved,PASS,"{'direct': 213, 'translated': 438, 'absent': 0}","{'resolved': 651, 'absent': 0}",Absent examples: []
PAIR_2019_East: historical 213/438 resolver sanity,PASS,"{'direct': 213, 'translated': 438}","{'direct': 213, 'translated': 438}","If this warns but absent=0, inspect manifest/version before calling it an error."
PAIR_2019_East: no target-derived feature names,PASS,[],[],
PAIR_2019_East: lag1 feature count,PASS,73,73,
PAIR_2019_East: rolling feature count,PASS,438,438,
PAIR_2019_East: total temporal derivatives,PASS,511,511,
PAIR_2019_East: infinite feature values,PASS,0,0,
PAIR_2019_East: raw feature NaN cells,WARN,28345,0,Raw trainable shards may legitimately contain missing values; production preprocessing must handle them consistently.
PAIR_2019_East: all-NaN features,WARN,"['burned_weighted_frac_500km', 'burned_nearest_km_500km']",[],Investigate whether these are structurally unavailable in this block or accidentally lost.
PAIR_2019_East: constant/all-NaN features,WARN,"['burned_weighted_frac_500km', 'burned_nearest_km_500km']",[],"Constant columns are diagnostic warnings, not automatically corruption."
PAIR_2019_North: required key columns,PASS,[],none missing,Missing keys prevent a valid training block.
PAIR_2019_North: year identity,PASS,[2019],[2019],
PAIR_2019_North: region identity,PASS,['North'],['North'],
PAIR_2019_North: parseable dates,PASS,0,0,
PAIR_2019_North: date.year == year,PASS,0,0,
PAIR_2019_North: pair-key identity,PASS,['2019|North'],"['2019_North', '2019|North', 'PAIR_2019_North']",Accepts common builder spellings such as 2012|Central and PAIR_2012_Central.
PAIR_2019_North: duplicate cell-days,PASS,0,0,Duplicate spatial-day rows are a hard data-integrity failure.
PAIR_2019_North: target NaN,PASS,0,0,
PAIR_2019_North: target finite,PASS,0,0,
PAIR_2019_North: stored feature width,PASS,651,651,
PAIR_2019_North: canonical features resolved,PASS,"{'direct': 213, 'translated': 438, 'absent': 0}","{'resolved': 651, 'absent': 0}",Absent examples: []
PAIR_2019_North: historical 213/438 resolver sanity,PASS,"{'direct': 213, 'translated': 438}","{'direct': 213, 'translated': 438}","If this warns but absent=0, inspect manifest/version before calling it an error."
PAIR_2019_North: no target-derived feature names,PASS,[],[],
PAIR_2019_North: lag1 feature count,PASS,73,73,
PAIR_2019_North: rolling feature count,PASS,438,438,
PAIR_2019_North: total temporal derivatives,PASS,511,511,
PAIR_2019_North: infinite feature values,PASS,0,0,
PAIR_2019_North: raw feature NaN cells,WARN,78470,0,Raw trainable shards may legitimately contain missing values; production preprocessing must handle them consistently.
PAIR_2019_North: all-NaN features,WARN,"['burned_weighted_frac_500km', 'burned_nearest_km_500km']",[],Investigate whether these are structurally unavailable in this block or accidentally lost.
PAIR_2019_North: constant/all-NaN features,WARN,"['burned_weighted_frac_500km', 'burned_nearest_km_500km']",[],"Constant columns are diagnostic warnings, not automatically corruption."
PAIR_2019_Toronto: required key columns,PASS,[],none missing,Missing keys prevent a valid training block.
PAIR_2019_Toronto: year identity,PASS,[2019],[2019],
PAIR_2019_Toronto: region identity,PASS,['Toronto'],['Toronto'],
PAIR_2019_Toronto: parseable dates,PASS,0,0,
PAIR_2019_Toronto: date.year == year,PASS,0,0,
PAIR_2019_Toronto: pair-key identity,PASS,['2019|Toronto'],"['2019_Toronto', '2019|Toronto', 'PAIR_2019_Toronto']",Accepts common builder spellings such as 2012|Central and PAIR_2012_Central.
PAIR_2019_Toronto: duplicate cell-days,PASS,0,0,Duplicate spatial-day rows are a hard data-integrity failure.
PAIR_2019_Toronto: target NaN,PASS,0,0,
PAIR_2019_Toronto: target finite,PASS,0,0,
PAIR_2019_Toronto: stored feature width,PASS,651,651,
PAIR_2019_Toronto: canonical features resolved,PASS,"{'direct': 213, 'translated': 438, 'absent': 0}","{'resolved': 651, 'absent': 0}",Absent examples: []
PAIR_2019_Toronto: historical 213/438 resolver sanity,PASS,"{'direct': 213, 'translated': 438}","{'direct': 213, 'translated': 438}","If this warns but absent=0, inspect manifest/version before calling it an error."
PAIR_2019_Toronto: no target-derived feature names,PASS,[],[],
PAIR_2019_Toronto: lag1 feature count,PASS,73,73,
PAIR_2019_Toronto: rolling feature count,PASS,438,438,
PAIR_2019_Toronto: total temporal derivatives,PASS,511,511,
PAIR_2019_Toronto: infinite feature values,PASS,0,0,
PAIR_2019_Toronto: raw feature NaN cells,WARN,15352,0,Raw trainable shards may legitimately contain missing values; production preprocessing must handle them consistently.
PAIR_2019_Toronto: all-NaN features,WARN,"['burned_weighted_frac_500km', 'burned_nearest_km_500km']",[],Investigate whether these are structurally unavailable in this block or accidentally lost.
PAIR_2019_Toronto: constant/all-NaN features,WARN,"['ca_lc_lc_majority_class', 'burned_weighted_frac_500km', 'burned_nearest_km_500km']",[],"Constant columns are diagnostic warnings, not automatically corruption."
PAIR_2019_West_NH: required key columns,PASS,[],none missing,Missing keys prevent a valid training block.
PAIR_2019_West_NH: year identity,PASS,[2019],[2019],
PAIR_2019_West_NH: region identity,PASS,['West_NH'],['West_NH'],
PAIR_2019_West_NH: parseable dates,PASS,0,0,
PAIR_2019_West_NH: date.year == year,PASS,0,0,
PAIR_2019_West_NH: pair-key identity,PASS,['2019|West_NH'],"['2019_West_NH', '2019|West_NH', 'PAIR_2019_West_NH']",Accepts common builder spellings such as 2012|Central and PAIR_2012_Central.
PAIR_2019_West_NH: duplicate cell-days,PASS,0,0,Duplicate spatial-day rows are a hard data-integrity failure.
PAIR_2019_West_NH: target NaN,PASS,0,0,
PAIR_2019_West_NH: target finite,PASS,0,0,
PAIR_2019_West_NH: stored feature width,PASS,651,651,
PAIR_2019_West_NH: canonical features resolved,PASS,"{'direct': 213, 'translated': 438, 'absent': 0}","{'resolved': 651, 'absent': 0}",Absent examples: []
PAIR_2019_West_NH: historical 213/438 resolver sanity,PASS,"{'direct': 213, 'translated': 438}","{'direct': 213, 'translated': 438}","If this warns but absent=0, inspect manifest/version before calling it an error."
PAIR_2019_West_NH: no target-derived feature names,PASS,[],[],
PAIR_2019_West_NH: lag1 feature count,PASS,73,73,
PAIR_2019_West_NH: rolling feature count,PASS,438,438,
PAIR_2019_West_NH: total temporal derivatives,PASS,511,511,
PAIR_2019_West_NH: infinite feature values,PASS,0,0,
PAIR_2019_West_NH: raw feature NaN cells,WARN,117146,0,Raw trainable shards may legitimately contain missing values; production preprocessing must handle them consistently.
PAIR_2019_West_NH: all-NaN features,WARN,"['burned_weighted_frac_500km', 'burned_nearest_km_500km']",[],Investigate whether these are structurally unavailable in this block or accidentally lost.
PAIR_2019_West_NH: constant/all-NaN features,WARN,"['burned_weighted_frac_500km', 'burned_nearest_km_500km']",[],"Constant columns are diagnostic warnings, not automatically corruption."
PAIR_2019_West_SW: required key columns,PASS,[],none missing,Missing keys prevent a valid training block.
PAIR_2019_West_SW: year identity,PASS,[2019],[2019],
PAIR_2019_West_SW: region identity,PASS,['West_SW'],['West_SW'],
PAIR_2019_West_SW: parseable dates,PASS,0,0,
PAIR_2019_West_SW: date.year == year,PASS,0,0,
PAIR_2019_West_SW: pair-key identity,PASS,['2019|West_SW'],"['2019_West_SW', '2019|West_SW', 'PAIR_2019_West_SW']",Accepts common builder spellings such as 2012|Central and PAIR_2012_Central.
PAIR_2019_West_SW: duplicate cell-days,PASS,0,0,Duplicate spatial-day rows are a hard data-integrity failure.
PAIR_2019_West_SW: target NaN,PASS,0,0,
PAIR_2019_West_SW: target finite,PASS,0,0,
PAIR_2019_West_SW: stored feature width,PASS,651,651,
PAIR_2019_West_SW: canonical features resolved,PASS,"{'direct': 213, 'translated': 438, 'absent': 0}","{'resolved': 651, 'absent': 0}",Absent examples: []
PAIR_2019_West_SW: historical 213/438 resolver sanity,PASS,"{'direct': 213, 'translated': 438}","{'direct': 213, 'translated': 438}","If this warns but absent=0, inspect manifest/version before calling it an error."
PAIR_2019_West_SW: no target-derived feature names,PASS,[],[],
PAIR_2019_West_SW: lag1 feature count,PASS,73,73,
PAIR_2019_West_SW: rolling feature count,PASS,438,438,
PAIR_2019_West_SW: total temporal derivatives,PASS,511,511,
PAIR_2019_West_SW: infinite feature values,PASS,0,0,
PAIR_2019_West_SW: raw feature NaN cells,WARN,225136,0,Raw trainable shards may legitimately contain missing values; production preprocessing must handle them consistently.
PAIR_2019_West_SW: all-NaN features,WARN,"['burned_weighted_frac_500km', 'burned_nearest_km_500km']",[],Investigate whether these are structurally unavailable in this block or accidentally lost.
PAIR_2019_West_SW: constant/all-NaN features,WARN,"['burned_weighted_frac_500km', 'burned_nearest_km_500km']",[],"Constant columns are diagnostic warnings, not automatically corruption."
PAIR_2020_Central: required key columns,PASS,[],none missing,Missing keys prevent a valid training block.
PAIR_2020_Central: year identity,PASS,[2020],[2020],
PAIR_2020_Central: region identity,PASS,['Central'],['Central'],
PAIR_2020_Central: parseable dates,PASS,0,0,
PAIR_2020_Central: date.year == year,PASS,0,0,
PAIR_2020_Central: pair-key identity,PASS,['2020|Central'],"['2020_Central', '2020|Central', 'PAIR_2020_Central']",Accepts common builder spellings such as 2012|Central and PAIR_2012_Central.
PAIR_2020_Central: duplicate cell-days,PASS,0,0,Duplicate spatial-day rows are a hard data-integrity failure.
PAIR_2020_Central: target NaN,PASS,0,0,
PAIR_2020_Central: target finite,PASS,0,0,
PAIR_2020_Central: stored feature width,PASS,651,651,
PAIR_2020_Central: canonical features resolved,PASS,"{'direct': 213, 'translated': 438, 'absent': 0}","{'resolved': 651, 'absent': 0}",Absent examples: []
PAIR_2020_Central: historical 213/438 resolver sanity,PASS,"{'direct': 213, 'translated': 438}","{'direct': 213, 'translated': 438}","If this warns but absent=0, inspect manifest/version before calling it an error."
PAIR_2020_Central: no target-derived feature names,PASS,[],[],
PAIR_2020_Central: lag1 feature count,PASS,73,73,
PAIR_2020_Central: rolling feature count,PASS,438,438,
PAIR_2020_Central: total temporal derivatives,PASS,511,511,
PAIR_2020_Central: infinite feature values,PASS,0,0,
PAIR_2020_Central: raw feature NaN cells,WARN,27705,0,Raw trainable shards may legitimately contain missing values; production preprocessing must handle them consistently.
PAIR_2020_Central: all-NaN features,WARN,"['burned_weighted_frac_500km', 'burned_nearest_km_500km']",[],Investigate whether these are structurally unavailable in this block or accidentally lost.
PAIR_2020_Central: constant/all-NaN features,WARN,"['burned_frac_500km', 'burned_weighted_frac_500km', 'burned_nearest_km_500km']",[],"Constant columns are diagnostic warnings, not automatically corruption."
PAIR_2020_East: required key columns,PASS,[],none missing,Missing keys prevent a valid training block.
PAIR_2020_East: year identity,PASS,[2020],[2020],
PAIR_2020_East: region identity,PASS,['East'],['East'],
PAIR_2020_East: parseable dates,PASS,0,0,
PAIR_2020_East: date.year == year,PASS,0,0,
PAIR_2020_East: pair-key identity,PASS,['2020|East'],"['2020_East', '2020|East', 'PAIR_2020_East']",Accepts common builder spellings such as 2012|Central and PAIR_2012_Central.
PAIR_2020_East: duplicate cell-days,PASS,0,0,Duplicate spatial-day rows are a hard data-integrity failure.
PAIR_2020_East: target NaN,PASS,0,0,
PAIR_2020_East: target finite,PASS,0,0,
PAIR_2020_East: stored feature width,PASS,651,651,
PAIR_2020_East: canonical features resolved,PASS,"{'direct': 213, 'translated': 438, 'absent': 0}","{'resolved': 651, 'absent': 0}",Absent examples: []
PAIR_2020_East: historical 213/438 resolver sanity,PASS,"{'direct': 213, 'translated': 438}","{'direct': 213, 'translated': 438}","If this warns but absent=0, inspect manifest/version before calling it an error."
PAIR_2020_East: no target-derived feature names,PASS,[],[],
PAIR_2020_East: lag1 feature count,PASS,73,73,
PAIR_2020_East: rolling feature count,PASS,438,438,
PAIR_2020_East: total temporal derivatives,PASS,511,511,
PAIR_2020_East: infinite feature values,PASS,0,0,
PAIR_2020_East: raw feature NaN cells,WARN,25423,0,Raw trainable shards may legitimately contain missing values; production preprocessing must handle them consistently.
PAIR_2020_East: all-NaN features,WARN,"['burned_weighted_frac_500km', 'burned_nearest_km_500km']",[],Investigate whether these are structurally unavailable in this block or accidentally lost.
PAIR_2020_East: constant/all-NaN features,WARN,"['burned_frac_500km', 'burned_weighted_frac_500km', 'burned_nearest_km_500km']",[],"Constant columns are diagnostic warnings, not automatically corruption."
PAIR_2020_North: required key columns,PASS,[],none missing,Missing keys prevent a valid training block.
PAIR_2020_North: year identity,PASS,[2020],[2020],
PAIR_2020_North: region identity,PASS,['North'],['North'],
PAIR_2020_North: parseable dates,PASS,0,0,
PAIR_2020_North: date.year == year,PASS,0,0,
PAIR_2020_North: pair-key identity,PASS,['2020|North'],"['2020_North', '2020|North', 'PAIR_2020_North']",Accepts common builder spellings such as 2012|Central and PAIR_2012_Central.
PAIR_2020_North: duplicate cell-days,PASS,0,0,Duplicate spatial-day rows are a hard data-integrity failure.
PAIR_2020_North: target NaN,PASS,0,0,
PAIR_2020_North: target finite,PASS,0,0,
PAIR_2020_North: stored feature width,PASS,651,651,
PAIR_2020_North: canonical features resolved,PASS,"{'direct': 213, 'translated': 438, 'absent': 0}","{'resolved': 651, 'absent': 0}",Absent examples: []
PAIR_2020_North: historical 213/438 resolver sanity,PASS,"{'direct': 213, 'translated': 438}","{'direct': 213, 'translated': 438}","If this warns but absent=0, inspect manifest/version before calling it an error."
PAIR_2020_North: no target-derived feature names,PASS,[],[],
PAIR_2020_North: lag1 feature count,PASS,73,73,
PAIR_2020_North: rolling feature count,PASS,438,438,
PAIR_2020_North: total temporal derivatives,PASS,511,511,
PAIR_2020_North: infinite feature values,PASS,0,0,
PAIR_2020_North: raw feature NaN cells,WARN,76317,0,Raw trainable shards may legitimately contain missing values; production preprocessing must handle them consistently.
PAIR_2020_North: all-NaN features,WARN,"['burned_weighted_frac_500km', 'burned_nearest_km_500km']",[],Investigate whether these are structurally unavailable in this block or accidentally lost.
PAIR_2020_North: constant/all-NaN features,WARN,"['burned_frac_500km', 'burned_weighted_frac_500km', 'burned_nearest_km_500km']",[],"Constant columns are diagnostic warnings, not automatically corruption."
PAIR_2020_Toronto: required key columns,PASS,[],none missing,Missing keys prevent a valid training block.
PAIR_2020_Toronto: year identity,PASS,[2020],[2020],
PAIR_2020_Toronto: region identity,PASS,['Toronto'],['Toronto'],
PAIR_2020_Toronto: parseable dates,PASS,0,0,
PAIR_2020_Toronto: date.year == year,PASS,0,0,
PAIR_2020_Toronto: pair-key identity,PASS,['2020|Toronto'],"['2020_Toronto', '2020|Toronto', 'PAIR_2020_Toronto']",Accepts common builder spellings such as 2012|Central and PAIR_2012_Central.
PAIR_2020_Toronto: duplicate cell-days,PASS,0,0,Duplicate spatial-day rows are a hard data-integrity failure.
PAIR_2020_Toronto: target NaN,PASS,0,0,
PAIR_2020_Toronto: target finite,PASS,0,0,
PAIR_2020_Toronto: stored feature width,PASS,651,651,
PAIR_2020_Toronto: canonical features resolved,PASS,"{'direct': 213, 'translated': 438, 'absent': 0}","{'resolved': 651, 'absent': 0}",Absent examples: []
PAIR_2020_Toronto: historical 213/438 resolver sanity,PASS,"{'direct': 213, 'translated': 438}","{'direct': 213, 'translated': 438}","If this warns but absent=0, inspect manifest/version before calling it an error."
PAIR_2020_Toronto: no target-derived feature names,PASS,[],[],
PAIR_2020_Toronto: lag1 feature count,PASS,73,73,
PAIR_2020_Toronto: rolling feature count,PASS,438,438,
PAIR_2020_Toronto: total temporal derivatives,PASS,511,511,
PAIR_2020_Toronto: infinite feature values,PASS,0,0,
PAIR_2020_Toronto: raw feature NaN cells,WARN,14118,0,Raw trainable shards may legitimately contain missing values; production preprocessing must handle them consistently.
PAIR_2020_Toronto: all-NaN features,WARN,"['burned_weighted_frac_500km', 'burned_nearest_km_500km']",[],Investigate whether these are structurally unavailable in this block or accidentally lost.
PAIR_2020_Toronto: constant/all-NaN features,WARN,"['ca_lc_lc_majority_class', 'burned_frac_500km', 'burned_weighted_frac_500km', 'burned_nearest_km_500km']",[],"Constant columns are diagnostic warnings, not automatically corruption."
PAIR_2020_West_NH: required key columns,PASS,[],none missing,Missing keys prevent a valid training block.
PAIR_2020_West_NH: year identity,PASS,[2020],[2020],
PAIR_2020_West_NH: region identity,PASS,['West_NH'],['West_NH'],
PAIR_2020_West_NH: parseable dates,PASS,0,0,
PAIR_2020_West_NH: date.year == year,PASS,0,0,
PAIR_2020_West_NH: pair-key identity,PASS,['2020|West_NH'],"['2020_West_NH', '2020|West_NH', 'PAIR_2020_West_NH']",Accepts common builder spellings such as 2012|Central and PAIR_2012_Central.
PAIR_2020_West_NH: duplicate cell-days,PASS,0,0,Duplicate spatial-day rows are a hard data-integrity failure.
PAIR_2020_West_NH: target NaN,PASS,0,0,
PAIR_2020_West_NH: target finite,PASS,0,0,
PAIR_2020_West_NH: stored feature width,PASS,651,651,
PAIR_2020_West_NH: canonical features resolved,PASS,"{'direct': 213, 'translated': 438, 'absent': 0}","{'resolved': 651, 'absent': 0}",Absent examples: []
PAIR_2020_West_NH: historical 213/438 resolver sanity,PASS,"{'direct': 213, 'translated': 438}","{'direct': 213, 'translated': 438}","If this warns but absent=0, inspect manifest/version before calling it an error."
PAIR_2020_West_NH: no target-derived feature names,PASS,[],[],
PAIR_2020_West_NH: lag1 feature count,PASS,73,73,
PAIR_2020_West_NH: rolling feature count,PASS,438,438,
PAIR_2020_West_NH: total temporal derivatives,PASS,511,511,
PAIR_2020_West_NH: infinite feature values,PASS,0,0,
PAIR_2020_West_NH: raw feature NaN cells,WARN,115643,0,Raw trainable shards may legitimately contain missing values; production preprocessing must handle them consistently.
PAIR_2020_West_NH: all-NaN features,WARN,"['burned_weighted_frac_500km', 'burned_nearest_km_500km']",[],Investigate whether these are structurally unavailable in this block or accidentally lost.
PAIR_2020_West_NH: constant/all-NaN features,WARN,"['burned_frac_500km', 'burned_weighted_frac_500km', 'burned_nearest_km_500km']",[],"Constant columns are diagnostic warnings, not automatically corruption."
PAIR_2020_West_SW: required key columns,PASS,[],none missing,Missing keys prevent a valid training block.
PAIR_2020_West_SW: year identity,PASS,[2020],[2020],
PAIR_2020_West_SW: region identity,PASS,['West_SW'],['West_SW'],
PAIR_2020_West_SW: parseable dates,PASS,0,0,
PAIR_2020_West_SW: date.year == year,PASS,0,0,
PAIR_2020_West_SW: pair-key identity,PASS,['2020|West_SW'],"['2020_West_SW', '2020|West_SW', 'PAIR_2020_West_SW']",Accepts common builder spellings such as 2012|Central and PAIR_2012_Central.
PAIR_2020_West_SW: duplicate cell-days,PASS,0,0,Duplicate spatial-day rows are a hard data-integrity failure.
PAIR_2020_West_SW: target NaN,PASS,0,0,
PAIR_2020_West_SW: target finite,PASS,0,0,
PAIR_2020_West_SW: stored feature width,PASS,651,651,
PAIR_2020_West_SW: canonical features resolved,PASS,"{'direct': 213, 'translated': 438, 'absent': 0}","{'resolved': 651, 'absent': 0}",Absent examples: []
PAIR_2020_West_SW: historical 213/438 resolver sanity,PASS,"{'direct': 213, 'translated': 438}","{'direct': 213, 'translated': 438}","If this warns but absent=0, inspect manifest/version before calling it an error."
PAIR_2020_West_SW: no target-derived feature names,PASS,[],[],
PAIR_2020_West_SW: lag1 feature count,PASS,73,73,
PAIR_2020_West_SW: rolling feature count,PASS,438,438,
PAIR_2020_West_SW: total temporal derivatives,PASS,511,511,
PAIR_2020_West_SW: infinite feature values,PASS,0,0,
PAIR_2020_West_SW: raw feature NaN cells,WARN,221564,0,Raw trainable shards may legitimately contain missing values; production preprocessing must handle them consistently.
PAIR_2020_West_SW: all-NaN features,WARN,"['burned_weighted_frac_500km', 'burned_nearest_km_500km']",[],Investigate whether these are structurally unavailable in this block or accidentally lost.
PAIR_2020_West_SW: constant/all-NaN features,WARN,"['burned_frac_500km', 'burned_weighted_frac_500km', 'burned_nearest_km_500km']",[],"Constant columns are diagnostic warnings, not automatically corruption."
PAIR_2021_Central: required key columns,PASS,[],none missing,Missing keys prevent a valid training block.
PAIR_2021_Central: year identity,PASS,[2021],[2021],
PAIR_2021_Central: region identity,PASS,['Central'],['Central'],
PAIR_2021_Central: parseable dates,PASS,0,0,
PAIR_2021_Central: date.year == year,PASS,0,0,
PAIR_2021_Central: pair-key identity,PASS,['2021|Central'],"['2021_Central', '2021|Central', 'PAIR_2021_Central']",Accepts common builder spellings such as 2012|Central and PAIR_2012_Central.
PAIR_2021_Central: duplicate cell-days,PASS,0,0,Duplicate spatial-day rows are a hard data-integrity failure.
PAIR_2021_Central: target NaN,PASS,0,0,
PAIR_2021_Central: target finite,PASS,0,0,
PAIR_2021_Central: stored feature width,PASS,651,651,
PAIR_2021_Central: canonical features resolved,PASS,"{'direct': 213, 'translated': 438, 'absent': 0}","{'resolved': 651, 'absent': 0}",Absent examples: []
PAIR_2021_Central: historical 213/438 resolver sanity,PASS,"{'direct': 213, 'translated': 438}","{'direct': 213, 'translated': 438}","If this warns but absent=0, inspect manifest/version before calling it an error."
PAIR_2021_Central: no target-derived feature names,PASS,[],[],
PAIR_2021_Central: lag1 feature count,PASS,73,73,
PAIR_2021_Central: rolling feature count,PASS,438,438,
PAIR_2021_Central: total temporal derivatives,PASS,511,511,
PAIR_2021_Central: infinite feature values,PASS,0,0,
PAIR_2021_Central: raw feature NaN cells,WARN,27762,0,Raw trainable shards may legitimately contain missing values; production preprocessing must handle them consistently.
PAIR_2021_Central: all-NaN features,WARN,"['burned_weighted_frac_500km', 'burned_nearest_km_500km']",[],Investigate whether these are structurally unavailable in this block or accidentally lost.
PAIR_2021_Central: constant/all-NaN features,WARN,"['burned_weighted_frac_500km', 'burned_nearest_km_500km']",[],"Constant columns are diagnostic warnings, not automatically corruption."
PAIR_2021_East: required key columns,PASS,[],none missing,Missing keys prevent a valid training block.
PAIR_2021_East: year identity,PASS,[2021],[2021],
PAIR_2021_East: region identity,PASS,['East'],['East'],
PAIR_2021_East: parseable dates,PASS,0,0,
PAIR_2021_East: date.year == year,PASS,0,0,
PAIR_2021_East: pair-key identity,PASS,['2021|East'],"['2021_East', '2021|East', 'PAIR_2021_East']",Accepts common builder spellings such as 2012|Central and PAIR_2012_Central.
PAIR_2021_East: duplicate cell-days,PASS,0,0,Duplicate spatial-day rows are a hard data-integrity failure.
PAIR_2021_East: target NaN,PASS,0,0,
PAIR_2021_East: target finite,PASS,0,0,
PAIR_2021_East: stored feature width,PASS,651,651,
PAIR_2021_East: canonical features resolved,PASS,"{'direct': 213, 'translated': 438, 'absent': 0}","{'resolved': 651, 'absent': 0}",Absent examples: []
PAIR_2021_East: historical 213/438 resolver sanity,PASS,"{'direct': 213, 'translated': 438}","{'direct': 213, 'translated': 438}","If this warns but absent=0, inspect manifest/version before calling it an error."
PAIR_2021_East: no target-derived feature names,PASS,[],[],
PAIR_2021_East: lag1 feature count,PASS,73,73,
PAIR_2021_East: rolling feature count,PASS,438,438,
PAIR_2021_East: total temporal derivatives,PASS,511,511,
PAIR_2021_East: infinite feature values,PASS,0,0,
PAIR_2021_East: raw feature NaN cells,WARN,25658,0,Raw trainable shards may legitimately contain missing values; production preprocessing must handle them consistently.
PAIR_2021_East: all-NaN features,WARN,"['burned_weighted_frac_500km', 'burned_nearest_km_500km']",[],Investigate whether these are structurally unavailable in this block or accidentally lost.
PAIR_2021_East: constant/all-NaN features,WARN,"['burned_weighted_frac_500km', 'burned_nearest_km_500km']",[],"Constant columns are diagnostic warnings, not automatically corruption."
PAIR_2021_North: required key columns,PASS,[],none missing,Missing keys prevent a valid training block.
PAIR_2021_North: year identity,PASS,[2021],[2021],
PAIR_2021_North: region identity,PASS,['North'],['North'],
PAIR_2021_North: parseable dates,PASS,0,0,
PAIR_2021_North: date.year == year,PASS,0,0,
PAIR_2021_North: pair-key identity,PASS,['2021|North'],"['2021_North', '2021|North', 'PAIR_2021_North']",Accepts common builder spellings such as 2012|Central and PAIR_2012_Central.
PAIR_2021_North: duplicate cell-days,PASS,0,0,Duplicate spatial-day rows are a hard data-integrity failure.
PAIR_2021_North: target NaN,PASS,0,0,
PAIR_2021_North: target finite,PASS,0,0,
PAIR_2021_North: stored feature width,PASS,651,651,
PAIR_2021_North: canonical features resolved,PASS,"{'direct': 213, 'translated': 438, 'absent': 0}","{'resolved': 651, 'absent': 0}",Absent examples: []
PAIR_2021_North: historical 213/438 resolver sanity,PASS,"{'direct': 213, 'translated': 438}","{'direct': 213, 'translated': 438}","If this warns but absent=0, inspect manifest/version before calling it an error."
PAIR_2021_North: no target-derived feature names,PASS,[],[],
PAIR_2021_North: lag1 feature count,PASS,73,73,
PAIR_2021_North: rolling feature count,PASS,438,438,
PAIR_2021_North: total temporal derivatives,PASS,511,511,
PAIR_2021_North: infinite feature values,PASS,0,0,
PAIR_2021_North: raw feature NaN cells,WARN,75303,0,Raw trainable shards may legitimately contain missing values; production preprocessing must handle them consistently.
PAIR_2021_North: all-NaN features,WARN,"['burned_weighted_frac_500km', 'burned_nearest_km_500km']",[],Investigate whether these are structurally unavailable in this block or accidentally lost.
PAIR_2021_North: constant/all-NaN features,WARN,"['burned_weighted_frac_500km', 'burned_nearest_km_500km']",[],"Constant columns are diagnostic warnings, not automatically corruption."
PAIR_2021_Toronto: required key columns,PASS,[],none missing,Missing keys prevent a valid training block.
PAIR_2021_Toronto: year identity,PASS,[2021],[2021],
PAIR_2021_Toronto: region identity,PASS,['Toronto'],['Toronto'],
PAIR_2021_Toronto: parseable dates,PASS,0,0,
PAIR_2021_Toronto: date.year == year,PASS,0,0,
PAIR_2021_Toronto: pair-key identity,PASS,['2021|Toronto'],"['2021_Toronto', '2021|Toronto', 'PAIR_2021_Toronto']",Accepts common builder spellings such as 2012|Central and PAIR_2012_Central.
PAIR_2021_Toronto: duplicate cell-days,PASS,0,0,Duplicate spatial-day rows are a hard data-integrity failure.
PAIR_2021_Toronto: target NaN,PASS,0,0,
PAIR_2021_Toronto: target finite,PASS,0,0,
PAIR_2021_Toronto: stored feature width,PASS,651,651,
PAIR_2021_Toronto: canonical features resolved,PASS,"{'direct': 213, 'translated': 438, 'absent': 0}","{'resolved': 651, 'absent': 0}",Absent examples: []
PAIR_2021_Toronto: historical 213/438 resolver sanity,PASS,"{'direct': 213, 'translated': 438}","{'direct': 213, 'translated': 438}","If this warns but absent=0, inspect manifest/version before calling it an error."
PAIR_2021_Toronto: no target-derived feature names,PASS,[],[],
PAIR_2021_Toronto: lag1 feature count,PASS,73,73,
PAIR_2021_Toronto: rolling feature count,PASS,438,438,
PAIR_2021_Toronto: total temporal derivatives,PASS,511,511,
PAIR_2021_Toronto: infinite feature values,PASS,0,0,
PAIR_2021_Toronto: raw feature NaN cells,WARN,13825,0,Raw trainable shards may legitimately contain missing values; production preprocessing must handle them consistently.
PAIR_2021_Toronto: all-NaN features,WARN,"['burned_weighted_frac_500km', 'burned_nearest_km_500km']",[],Investigate whether these are structurally unavailable in this block or accidentally lost.
PAIR_2021_Toronto: constant/all-NaN features,WARN,"['ca_lc_lc_majority_class', 'burned_weighted_frac_500km', 'burned_nearest_km_500km']",[],"Constant columns are diagnostic warnings, not automatically corruption."
PAIR_2021_West_NH: required key columns,PASS,[],none missing,Missing keys prevent a valid training block.
PAIR_2021_West_NH: year identity,PASS,[2021],[2021],
PAIR_2021_West_NH: region identity,PASS,['West_NH'],['West_NH'],
PAIR_2021_West_NH: parseable dates,PASS,0,0,
PAIR_2021_West_NH: date.year == year,PASS,0,0,
PAIR_2021_West_NH: pair-key identity,PASS,['2021|West_NH'],"['2021_West_NH', '2021|West_NH', 'PAIR_2021_West_NH']",Accepts common builder spellings such as 2012|Central and PAIR_2012_Central.
PAIR_2021_West_NH: duplicate cell-days,PASS,0,0,Duplicate spatial-day rows are a hard data-integrity failure.
PAIR_2021_West_NH: target NaN,PASS,0,0,
PAIR_2021_West_NH: target finite,PASS,0,0,
PAIR_2021_West_NH: stored feature width,PASS,651,651,
PAIR_2021_West_NH: canonical features resolved,PASS,"{'direct': 213, 'translated': 438, 'absent': 0}","{'resolved': 651, 'absent': 0}",Absent examples: []
PAIR_2021_West_NH: historical 213/438 resolver sanity,PASS,"{'direct': 213, 'translated': 438}","{'direct': 213, 'translated': 438}","If this warns but absent=0, inspect manifest/version before calling it an error."
PAIR_2021_West_NH: no target-derived feature names,PASS,[],[],
PAIR_2021_West_NH: lag1 feature count,PASS,73,73,
PAIR_2021_West_NH: rolling feature count,PASS,438,438,
PAIR_2021_West_NH: total temporal derivatives,PASS,511,511,
PAIR_2021_West_NH: infinite feature values,PASS,0,0,
PAIR_2021_West_NH: raw feature NaN cells,WARN,114937,0,Raw trainable shards may legitimately contain missing values; production preprocessing must handle them consistently.
PAIR_2021_West_NH: all-NaN features,WARN,"['burned_weighted_frac_500km', 'burned_nearest_km_500km']",[],Investigate whether these are structurally unavailable in this block or accidentally lost.
PAIR_2021_West_NH: constant/all-NaN features,WARN,"['burned_weighted_frac_500km', 'burned_nearest_km_500km']",[],"Constant columns are diagnostic warnings, not automatically corruption."
PAIR_2021_West_SW: required key columns,PASS,[],none missing,Missing keys prevent a valid training block.
PAIR_2021_West_SW: year identity,PASS,[2021],[2021],
PAIR_2021_West_SW: region identity,PASS,['West_SW'],['West_SW'],
PAIR_2021_West_SW: parseable dates,PASS,0,0,
PAIR_2021_West_SW: date.year == year,PASS,0,0,
PAIR_2021_West_SW: pair-key identity,PASS,['2021|West_SW'],"['2021_West_SW', '2021|West_SW', 'PAIR_2021_West_SW']",Accepts common builder spellings such as 2012|Central and PAIR_2012_Central.
PAIR_2021_West_SW: duplicate cell-days,PASS,0,0,Duplicate spatial-day rows are a hard data-integrity failure.
PAIR_2021_West_SW: target NaN,PASS,0,0,
PAIR_2021_West_SW: target finite,PASS,0,0,
PAIR_2021_West_SW: stored feature width,PASS,651,651,
PAIR_2021_West_SW: canonical features resolved,PASS,"{'direct': 213, 'translated': 438, 'absent': 0}","{'resolved': 651, 'absent': 0}",Absent examples: []
PAIR_2021_West_SW: historical 213/438 resolver sanity,PASS,"{'direct': 213, 'translated': 438}","{'direct': 213, 'translated': 438}","If this warns but absent=0, inspect manifest/version before calling it an error."
PAIR_2021_West_SW: no target-derived feature names,PASS,[],[],
PAIR_2021_West_SW: lag1 feature count,PASS,73,73,
PAIR_2021_West_SW: rolling feature count,PASS,438,438,
PAIR_2021_West_SW: total temporal derivatives,PASS,511,511,
PAIR_2021_West_SW: infinite feature values,PASS,0,0,
PAIR_2021_West_SW: raw feature NaN cells,WARN,219168,0,Raw trainable shards may legitimately contain missing values; production preprocessing must handle them consistently.
PAIR_2021_West_SW: all-NaN features,WARN,"['burned_weighted_frac_500km', 'burned_nearest_km_500km']",[],Investigate whether these are structurally unavailable in this block or accidentally lost.
PAIR_2021_West_SW: constant/all-NaN features,WARN,"['burned_weighted_frac_500km', 'burned_nearest_km_500km']",[],"Constant columns are diagnostic warnings, not automatically corruption."
PAIR_2022_Central: required key columns,PASS,[],none missing,Missing keys prevent a valid training block.
PAIR_2022_Central: year identity,PASS,[2022],[2022],
PAIR_2022_Central: region identity,PASS,['Central'],['Central'],
PAIR_2022_Central: parseable dates,PASS,0,0,
PAIR_2022_Central: date.year == year,PASS,0,0,
PAIR_2022_Central: pair-key identity,PASS,['2022|Central'],"['2022_Central', '2022|Central', 'PAIR_2022_Central']",Accepts common builder spellings such as 2012|Central and PAIR_2012_Central.
PAIR_2022_Central: duplicate cell-days,PASS,0,0,Duplicate spatial-day rows are a hard data-integrity failure.
PAIR_2022_Central: target NaN,PASS,0,0,
PAIR_2022_Central: target finite,PASS,0,0,
PAIR_2022_Central: stored feature width,PASS,651,651,
PAIR_2022_Central: canonical features resolved,PASS,"{'direct': 213, 'translated': 438, 'absent': 0}","{'resolved': 651, 'absent': 0}",Absent examples: []
PAIR_2022_Central: historical 213/438 resolver sanity,PASS,"{'direct': 213, 'translated': 438}","{'direct': 213, 'translated': 438}","If this warns but absent=0, inspect manifest/version before calling it an error."
PAIR_2022_Central: no target-derived feature names,PASS,[],[],
PAIR_2022_Central: lag1 feature count,PASS,73,73,
PAIR_2022_Central: rolling feature count,PASS,438,438,
PAIR_2022_Central: total temporal derivatives,PASS,511,511,
PAIR_2022_Central: infinite feature values,PASS,0,0,
PAIR_2022_Central: raw feature NaN cells,WARN,29138,0,Raw trainable shards may legitimately contain missing values; production preprocessing must handle them consistently.
PAIR_2022_Central: all-NaN features,WARN,"['burned_weighted_frac_500km', 'burned_nearest_km_500km']",[],Investigate whether these are structurally unavailable in this block or accidentally lost.
PAIR_2022_Central: constant/all-NaN features,WARN,"['burned_frac_500km', 'burned_weighted_frac_500km', 'burned_nearest_km_500km']",[],"Constant columns are diagnostic warnings, not automatically corruption."
PAIR_2022_East: required key columns,PASS,[],none missing,Missing keys prevent a valid training block.
PAIR_2022_East: year identity,PASS,[2022],[2022],
PAIR_2022_East: region identity,PASS,['East'],['East'],
PAIR_2022_East: parseable dates,PASS,0,0,
PAIR_2022_East: date.year == year,PASS,0,0,
PAIR_2022_East: pair-key identity,PASS,['2022|East'],"['2022_East', '2022|East', 'PAIR_2022_East']",Accepts common builder spellings such as 2012|Central and PAIR_2012_Central.
PAIR_2022_East: duplicate cell-days,PASS,0,0,Duplicate spatial-day rows are a hard data-integrity failure.
PAIR_2022_East: target NaN,PASS,0,0,
PAIR_2022_East: target finite,PASS,0,0,
PAIR_2022_East: stored feature width,PASS,651,651,
PAIR_2022_East: canonical features resolved,PASS,"{'direct': 213, 'translated': 438, 'absent': 0}","{'resolved': 651, 'absent': 0}",Absent examples: []
PAIR_2022_East: historical 213/438 resolver sanity,PASS,"{'direct': 213, 'translated': 438}","{'direct': 213, 'translated': 438}","If this warns but absent=0, inspect manifest/version before calling it an error."
PAIR_2022_East: no target-derived feature names,PASS,[],[],
PAIR_2022_East: lag1 feature count,PASS,73,73,
PAIR_2022_East: rolling feature count,PASS,438,438,
PAIR_2022_East: total temporal derivatives,PASS,511,511,
PAIR_2022_East: infinite feature values,PASS,0,0,
PAIR_2022_East: raw feature NaN cells,WARN,21321,0,Raw trainable shards may legitimately contain missing values; production preprocessing must handle them consistently.
PAIR_2022_East: all-NaN features,WARN,"['burned_weighted_frac_500km', 'burned_nearest_km_500km']",[],Investigate whether these are structurally unavailable in this block or accidentally lost.
PAIR_2022_East: constant/all-NaN features,WARN,"['burned_frac_500km', 'burned_weighted_frac_500km', 'burned_nearest_km_500km']",[],"Constant columns are diagnostic warnings, not automatically corruption."
PAIR_2022_North: required key columns,PASS,[],none missing,Missing keys prevent a valid training block.
PAIR_2022_North: year identity,PASS,[2022],[2022],
PAIR_2022_North: region identity,PASS,['North'],['North'],
PAIR_2022_North: parseable dates,PASS,0,0,
PAIR_2022_North: date.year == year,PASS,0,0,
PAIR_2022_North: pair-key identity,PASS,['2022|North'],"['2022_North', '2022|North', 'PAIR_2022_North']",Accepts common builder spellings such as 2012|Central and PAIR_2012_Central.
PAIR_2022_North: duplicate cell-days,PASS,0,0,Duplicate spatial-day rows are a hard data-integrity failure.
PAIR_2022_North: target NaN,PASS,0,0,
PAIR_2022_North: target finite,PASS,0,0,
PAIR_2022_North: stored feature width,PASS,651,651,
PAIR_2022_North: canonical features resolved,PASS,"{'direct': 213, 'translated': 438, 'absent': 0}","{'resolved': 651, 'absent': 0}",Absent examples: []
PAIR_2022_North: historical 213/438 resolver sanity,PASS,"{'direct': 213, 'translated': 438}","{'direct': 213, 'translated': 438}","If this warns but absent=0, inspect manifest/version before calling it an error."
PAIR_2022_North: no target-derived feature names,PASS,[],[],
PAIR_2022_North: lag1 feature count,PASS,73,73,
PAIR_2022_North: rolling feature count,PASS,438,438,
PAIR_2022_North: total temporal derivatives,PASS,511,511,
PAIR_2022_North: infinite feature values,PASS,0,0,
PAIR_2022_North: raw feature NaN cells,WARN,77252,0,Raw trainable shards may legitimately contain missing values; production preprocessing must handle them consistently.
PAIR_2022_North: all-NaN features,WARN,"['burned_weighted_frac_500km', 'burned_nearest_km_500km']",[],Investigate whether these are structurally unavailable in this block or accidentally lost.
PAIR_2022_North: constant/all-NaN features,WARN,"['burned_frac_500km', 'burned_weighted_frac_500km', 'burned_nearest_km_500km']",[],"Constant columns are diagnostic warnings, not automatically corruption."
PAIR_2022_Toronto: required key columns,PASS,[],none missing,Missing keys prevent a valid training block.
PAIR_2022_Toronto: year identity,PASS,[2022],[2022],
PAIR_2022_Toronto: region identity,PASS,['Toronto'],['Toronto'],
PAIR_2022_Toronto: parseable dates,PASS,0,0,
PAIR_2022_Toronto: date.year == year,PASS,0,0,
PAIR_2022_Toronto: pair-key identity,PASS,['2022|Toronto'],"['2022_Toronto', '2022|Toronto', 'PAIR_2022_Toronto']",Accepts common builder spellings such as 2012|Central and PAIR_2012_Central.
PAIR_2022_Toronto: duplicate cell-days,PASS,0,0,Duplicate spatial-day rows are a hard data-integrity failure.
PAIR_2022_Toronto: target NaN,PASS,0,0,
PAIR_2022_Toronto: target finite,PASS,0,0,
PAIR_2022_Toronto: stored feature width,PASS,651,651,
PAIR_2022_Toronto: canonical features resolved,PASS,"{'direct': 213, 'translated': 438, 'absent': 0}","{'resolved': 651, 'absent': 0}",Absent examples: []
PAIR_2022_Toronto: historical 213/438 resolver sanity,PASS,"{'direct': 213, 'translated': 438}","{'direct': 213, 'translated': 438}","If this warns but absent=0, inspect manifest/version before calling it an error."
PAIR_2022_Toronto: no target-derived feature names,PASS,[],[],
PAIR_2022_Toronto: lag1 feature count,PASS,73,73,
PAIR_2022_Toronto: rolling feature count,PASS,438,438,
PAIR_2022_Toronto: total temporal derivatives,PASS,511,511,
PAIR_2022_Toronto: infinite feature values,PASS,0,0,
PAIR_2022_Toronto: raw feature NaN cells,WARN,14767,0,Raw trainable shards may legitimately contain missing values; production preprocessing must handle them consistently.
PAIR_2022_Toronto: all-NaN features,WARN,"['burned_weighted_frac_500km', 'burned_nearest_km_500km']",[],Investigate whether these are structurally unavailable in this block or accidentally lost.
PAIR_2022_Toronto: constant/all-NaN features,WARN,"['ca_lc_lc_majority_class', 'burned_frac_500km', 'burned_weighted_frac_500km', 'burned_nearest_km_500km']",[],"Constant columns are diagnostic warnings, not automatically corruption."
PAIR_2022_West_NH: required key columns,PASS,[],none missing,Missing keys prevent a valid training block.
PAIR_2022_West_NH: year identity,PASS,[2022],[2022],
PAIR_2022_West_NH: region identity,PASS,['West_NH'],['West_NH'],
PAIR_2022_West_NH: parseable dates,PASS,0,0,
PAIR_2022_West_NH: date.year == year,PASS,0,0,
PAIR_2022_West_NH: pair-key identity,PASS,['2022|West_NH'],"['2022_West_NH', '2022|West_NH', 'PAIR_2022_West_NH']",Accepts common builder spellings such as 2012|Central and PAIR_2012_Central.
PAIR_2022_West_NH: duplicate cell-days,PASS,0,0,Duplicate spatial-day rows are a hard data-integrity failure.
PAIR_2022_West_NH: target NaN,PASS,0,0,
PAIR_2022_West_NH: target finite,PASS,0,0,
PAIR_2022_West_NH: stored feature width,PASS,651,651,
PAIR_2022_West_NH: canonical features resolved,PASS,"{'direct': 213, 'translated': 438, 'absent': 0}","{'resolved': 651, 'absent': 0}",Absent examples: []
PAIR_2022_West_NH: historical 213/438 resolver sanity,PASS,"{'direct': 213, 'translated': 438}","{'direct': 213, 'translated': 438}","If this warns but absent=0, inspect manifest/version before calling it an error."
PAIR_2022_West_NH: no target-derived feature names,PASS,[],[],
PAIR_2022_West_NH: lag1 feature count,PASS,73,73,
PAIR_2022_West_NH: rolling feature count,PASS,438,438,
PAIR_2022_West_NH: total temporal derivatives,PASS,511,511,
PAIR_2022_West_NH: infinite feature values,PASS,0,0,
PAIR_2022_West_NH: raw feature NaN cells,WARN,116617,0,Raw trainable shards may legitimately contain missing values; production preprocessing must handle them consistently.
PAIR_2022_West_NH: all-NaN features,WARN,"['burned_weighted_frac_500km', 'burned_nearest_km_500km']",[],Investigate whether these are structurally unavailable in this block or accidentally lost.
PAIR_2022_West_NH: constant/all-NaN features,WARN,"['burned_frac_500km', 'burned_weighted_frac_500km', 'burned_nearest_km_500km']",[],"Constant columns are diagnostic warnings, not automatically corruption."
PAIR_2022_West_SW: required key columns,PASS,[],none missing,Missing keys prevent a valid training block.
PAIR_2022_West_SW: year identity,PASS,[2022],[2022],
PAIR_2022_West_SW: region identity,PASS,['West_SW'],['West_SW'],
PAIR_2022_West_SW: parseable dates,PASS,0,0,
PAIR_2022_West_SW: date.year == year,PASS,0,0,
PAIR_2022_West_SW: pair-key identity,PASS,['2022|West_SW'],"['2022_West_SW', '2022|West_SW', 'PAIR_2022_West_SW']",Accepts common builder spellings such as 2012|Central and PAIR_2012_Central.
PAIR_2022_West_SW: duplicate cell-days,PASS,0,0,Duplicate spatial-day rows are a hard data-integrity failure.
PAIR_2022_West_SW: target NaN,PASS,0,0,
PAIR_2022_West_SW: target finite,PASS,0,0,
PAIR_2022_West_SW: stored feature width,PASS,651,651,
PAIR_2022_West_SW: canonical features resolved,PASS,"{'direct': 213, 'translated': 438, 'absent': 0}","{'resolved': 651, 'absent': 0}",Absent examples: []
PAIR_2022_West_SW: historical 213/438 resolver sanity,PASS,"{'direct': 213, 'translated': 438}","{'direct': 213, 'translated': 438}","If this warns but absent=0, inspect manifest/version before calling it an error."
PAIR_2022_West_SW: no target-derived feature names,PASS,[],[],
PAIR_2022_West_SW: lag1 feature count,PASS,73,73,
PAIR_2022_West_SW: rolling feature count,PASS,438,438,
PAIR_2022_West_SW: total temporal derivatives,PASS,511,511,
PAIR_2022_West_SW: infinite feature values,PASS,0,0,
PAIR_2022_West_SW: raw feature NaN cells,WARN,220272,0,Raw trainable shards may legitimately contain missing values; production preprocessing must handle them consistently.
PAIR_2022_West_SW: all-NaN features,WARN,"['burned_weighted_frac_500km', 'burned_nearest_km_500km']",[],Investigate whether these are structurally unavailable in this block or accidentally lost.
PAIR_2022_West_SW: constant/all-NaN features,WARN,"['burned_frac_500km', 'burned_weighted_frac_500km', 'burned_nearest_km_500km']",[],"Constant columns are diagnostic warnings, not automatically corruption."
PAIR_2023_Central: required key columns,PASS,[],none missing,Missing keys prevent a valid training block.
PAIR_2023_Central: year identity,PASS,[2023],[2023],
PAIR_2023_Central: region identity,PASS,['Central'],['Central'],
PAIR_2023_Central: parseable dates,PASS,0,0,
PAIR_2023_Central: date.year == year,PASS,0,0,
PAIR_2023_Central: pair-key identity,PASS,['2023|Central'],"['2023_Central', '2023|Central', 'PAIR_2023_Central']",Accepts common builder spellings such as 2012|Central and PAIR_2012_Central.
PAIR_2023_Central: duplicate cell-days,PASS,0,0,Duplicate spatial-day rows are a hard data-integrity failure.
PAIR_2023_Central: target NaN,PASS,0,0,
PAIR_2023_Central: target finite,PASS,0,0,
PAIR_2023_Central: stored feature width,PASS,651,651,
PAIR_2023_Central: canonical features resolved,PASS,"{'direct': 213, 'translated': 438, 'absent': 0}","{'resolved': 651, 'absent': 0}",Absent examples: []
PAIR_2023_Central: historical 213/438 resolver sanity,PASS,"{'direct': 213, 'translated': 438}","{'direct': 213, 'translated': 438}","If this warns but absent=0, inspect manifest/version before calling it an error."
PAIR_2023_Central: no target-derived feature names,PASS,[],[],
PAIR_2023_Central: lag1 feature count,PASS,73,73,
PAIR_2023_Central: rolling feature count,PASS,438,438,
PAIR_2023_Central: total temporal derivatives,PASS,511,511,
PAIR_2023_Central: infinite feature values,PASS,0,0,
PAIR_2023_Central: raw feature NaN cells,WARN,28843,0,Raw trainable shards may legitimately contain missing values; production preprocessing must handle them consistently.
PAIR_2023_Central: all-NaN features,WARN,"['burned_weighted_frac_500km', 'burned_nearest_km_500km']",[],Investigate whether these are structurally unavailable in this block or accidentally lost.
PAIR_2023_Central: constant/all-NaN features,WARN,"['burned_weighted_frac_500km', 'burned_nearest_km_500km']",[],"Constant columns are diagnostic warnings, not automatically corruption."
PAIR_2023_East: required key columns,PASS,[],none missing,Missing keys prevent a valid training block.
PAIR_2023_East: year identity,PASS,[2023],[2023],
PAIR_2023_East: region identity,PASS,['East'],['East'],
PAIR_2023_East: parseable dates,PASS,0,0,
PAIR_2023_East: date.year == year,PASS,0,0,
PAIR_2023_East: pair-key identity,PASS,['2023|East'],"['2023_East', '2023|East', 'PAIR_2023_East']",Accepts common builder spellings such as 2012|Central and PAIR_2012_Central.
PAIR_2023_East: duplicate cell-days,PASS,0,0,Duplicate spatial-day rows are a hard data-integrity failure.
PAIR_2023_East: target NaN,PASS,0,0,
PAIR_2023_East: target finite,PASS,0,0,
PAIR_2023_East: stored feature width,PASS,651,651,
PAIR_2023_East: canonical features resolved,PASS,"{'direct': 213, 'translated': 438, 'absent': 0}","{'resolved': 651, 'absent': 0}",Absent examples: []
PAIR_2023_East: historical 213/438 resolver sanity,PASS,"{'direct': 213, 'translated': 438}","{'direct': 213, 'translated': 438}","If this warns but absent=0, inspect manifest/version before calling it an error."
PAIR_2023_East: no target-derived feature names,PASS,[],[],
PAIR_2023_East: lag1 feature count,PASS,73,73,
PAIR_2023_East: rolling feature count,PASS,438,438,
PAIR_2023_East: total temporal derivatives,PASS,511,511,
PAIR_2023_East: infinite feature values,PASS,0,0,
PAIR_2023_East: raw feature NaN cells,WARN,20190,0,Raw trainable shards may legitimately contain missing values; production preprocessing must handle them consistently.
PAIR_2023_East: all-NaN features,WARN,"['burned_weighted_frac_500km', 'burned_nearest_km_500km']",[],Investigate whether these are structurally unavailable in this block or accidentally lost.
PAIR_2023_East: constant/all-NaN features,WARN,"['burned_weighted_frac_500km', 'burned_nearest_km_500km']",[],"Constant columns are diagnostic warnings, not automatically corruption."
PAIR_2023_North: required key columns,PASS,[],none missing,Missing keys prevent a valid training block.
PAIR_2023_North: year identity,PASS,[2023],[2023],
PAIR_2023_North: region identity,PASS,['North'],['North'],
PAIR_2023_North: parseable dates,PASS,0,0,
PAIR_2023_North: date.year == year,PASS,0,0,
PAIR_2023_North: pair-key identity,PASS,['2023|North'],"['2023_North', '2023|North', 'PAIR_2023_North']",Accepts common builder spellings such as 2012|Central and PAIR_2012_Central.
PAIR_2023_North: duplicate cell-days,PASS,0,0,Duplicate spatial-day rows are a hard data-integrity failure.
PAIR_2023_North: target NaN,PASS,0,0,
PAIR_2023_North: target finite,PASS,0,0,
PAIR_2023_North: stored feature width,PASS,651,651,
PAIR_2023_North: canonical features resolved,PASS,"{'direct': 213, 'translated': 438, 'absent': 0}","{'resolved': 651, 'absent': 0}",Absent examples: []
PAIR_2023_North: historical 213/438 resolver sanity,PASS,"{'direct': 213, 'translated': 438}","{'direct': 213, 'translated': 438}","If this warns but absent=0, inspect manifest/version before calling it an error."
PAIR_2023_North: no target-derived feature names,PASS,[],[],
PAIR_2023_North: lag1 feature count,PASS,73,73,
PAIR_2023_North: rolling feature count,PASS,438,438,
PAIR_2023_North: total temporal derivatives,PASS,511,511,
PAIR_2023_North: infinite feature values,PASS,0,0,
PAIR_2023_North: raw feature NaN cells,WARN,72489,0,Raw trainable shards may legitimately contain missing values; production preprocessing must handle them consistently.
PAIR_2023_North: all-NaN features,WARN,"['burned_weighted_frac_500km', 'burned_nearest_km_500km']",[],Investigate whether these are structurally unavailable in this block or accidentally lost.
PAIR_2023_North: constant/all-NaN features,WARN,"['burned_weighted_frac_500km', 'burned_nearest_km_500km']",[],"Constant columns are diagnostic warnings, not automatically corruption."
PAIR_2023_Toronto: required key columns,PASS,[],none missing,Missing keys prevent a valid training block.
PAIR_2023_Toronto: year identity,PASS,[2023],[2023],
PAIR_2023_Toronto: region identity,PASS,['Toronto'],['Toronto'],
PAIR_2023_Toronto: parseable dates,PASS,0,0,
PAIR_2023_Toronto: date.year == year,PASS,0,0,
PAIR_2023_Toronto: pair-key identity,PASS,['2023|Toronto'],"['2023_Toronto', '2023|Toronto', 'PAIR_2023_Toronto']",Accepts common builder spellings such as 2012|Central and PAIR_2012_Central.
PAIR_2023_Toronto: duplicate cell-days,PASS,0,0,Duplicate spatial-day rows are a hard data-integrity failure.
PAIR_2023_Toronto: target NaN,PASS,0,0,
PAIR_2023_Toronto: target finite,PASS,0,0,
PAIR_2023_Toronto: stored feature width,PASS,651,651,
PAIR_2023_Toronto: canonical features resolved,PASS,"{'direct': 213, 'translated': 438, 'absent': 0}","{'resolved': 651, 'absent': 0}",Absent examples: []
PAIR_2023_Toronto: historical 213/438 resolver sanity,PASS,"{'direct': 213, 'translated': 438}","{'direct': 213, 'translated': 438}","If this warns but absent=0, inspect manifest/version before calling it an error."
PAIR_2023_Toronto: no target-derived feature names,PASS,[],[],
PAIR_2023_Toronto: lag1 feature count,PASS,73,73,
PAIR_2023_Toronto: rolling feature count,PASS,438,438,
PAIR_2023_Toronto: total temporal derivatives,PASS,511,511,
PAIR_2023_Toronto: infinite feature values,PASS,0,0,
PAIR_2023_Toronto: raw feature NaN cells,WARN,13714,0,Raw trainable shards may legitimately contain missing values; production preprocessing must handle them consistently.
PAIR_2023_Toronto: all-NaN features,WARN,"['burned_weighted_frac_500km', 'burned_nearest_km_500km']",[],Investigate whether these are structurally unavailable in this block or accidentally lost.
PAIR_2023_Toronto: constant/all-NaN features,WARN,"['ca_lc_lc_majority_class', 'burned_weighted_frac_500km', 'burned_nearest_km_500km']",[],"Constant columns are diagnostic warnings, not automatically corruption."
PAIR_2023_West_NH: required key columns,PASS,[],none missing,Missing keys prevent a valid training block.
PAIR_2023_West_NH: year identity,PASS,[2023],[2023],
PAIR_2023_West_NH: region identity,PASS,['West_NH'],['West_NH'],
PAIR_2023_West_NH: parseable dates,PASS,0,0,
PAIR_2023_West_NH: date.year == year,PASS,0,0,
PAIR_2023_West_NH: pair-key identity,PASS,['2023|West_NH'],"['2023_West_NH', '2023|West_NH', 'PAIR_2023_West_NH']",Accepts common builder spellings such as 2012|Central and PAIR_2012_Central.
PAIR_2023_West_NH: duplicate cell-days,PASS,0,0,Duplicate spatial-day rows are a hard data-integrity failure.
PAIR_2023_West_NH: target NaN,PASS,0,0,
PAIR_2023_West_NH: target finite,PASS,0,0,
PAIR_2023_West_NH: stored feature width,PASS,651,651,
PAIR_2023_West_NH: canonical features resolved,PASS,"{'direct': 213, 'translated': 438, 'absent': 0}","{'resolved': 651, 'absent': 0}",Absent examples: []
PAIR_2023_West_NH: historical 213/438 resolver sanity,PASS,"{'direct': 213, 'translated': 438}","{'direct': 213, 'translated': 438}","If this warns but absent=0, inspect manifest/version before calling it an error."
PAIR_2023_West_NH: no target-derived feature names,PASS,[],[],
PAIR_2023_West_NH: lag1 feature count,PASS,73,73,
PAIR_2023_West_NH: rolling feature count,PASS,438,438,
PAIR_2023_West_NH: total temporal derivatives,PASS,511,511,
PAIR_2023_West_NH: infinite feature values,PASS,0,0,
PAIR_2023_West_NH: raw feature NaN cells,WARN,115273,0,Raw trainable shards may legitimately contain missing values; production preprocessing must handle them consistently.
PAIR_2023_West_NH: all-NaN features,WARN,"['burned_weighted_frac_500km', 'burned_nearest_km_500km']",[],Investigate whether these are structurally unavailable in this block or accidentally lost.
PAIR_2023_West_NH: constant/all-NaN features,WARN,"['burned_weighted_frac_500km', 'burned_nearest_km_500km']",[],"Constant columns are diagnostic warnings, not automatically corruption."
PAIR_2023_West_SW: required key columns,PASS,[],none missing,Missing keys prevent a valid training block.
PAIR_2023_West_SW: year identity,PASS,[2023],[2023],
PAIR_2023_West_SW: region identity,PASS,['West_SW'],['West_SW'],
PAIR_2023_West_SW: parseable dates,PASS,0,0,
PAIR_2023_West_SW: date.year == year,PASS,0,0,
PAIR_2023_West_SW: pair-key identity,PASS,['2023|West_SW'],"['2023_West_SW', '2023|West_SW', 'PAIR_2023_West_SW']",Accepts common builder spellings such as 2012|Central and PAIR_2012_Central.
PAIR_2023_West_SW: duplicate cell-days,PASS,0,0,Duplicate spatial-day rows are a hard data-integrity failure.
PAIR_2023_West_SW: target NaN,PASS,0,0,
PAIR_2023_West_SW: target finite,PASS,0,0,
PAIR_2023_West_SW: stored feature width,PASS,651,651,
PAIR_2023_West_SW: canonical features resolved,PASS,"{'direct': 213, 'translated': 438, 'absent': 0}","{'resolved': 651, 'absent': 0}",Absent examples: []
PAIR_2023_West_SW: historical 213/438 resolver sanity,PASS,"{'direct': 213, 'translated': 438}","{'direct': 213, 'translated': 438}","If this warns but absent=0, inspect manifest/version before calling it an error."
PAIR_2023_West_SW: no target-derived feature names,PASS,[],[],
PAIR_2023_West_SW: lag1 feature count,PASS,73,73,
PAIR_2023_West_SW: rolling feature count,PASS,438,438,
PAIR_2023_West_SW: total temporal derivatives,PASS,511,511,
PAIR_2023_West_SW: infinite feature values,PASS,0,0,
PAIR_2023_West_SW: raw feature NaN cells,WARN,215785,0,Raw trainable shards may legitimately contain missing values; production preprocessing must handle them consistently.
PAIR_2023_West_SW: all-NaN features,WARN,"['burned_weighted_frac_500km', 'burned_nearest_km_500km']",[],Investigate whether these are structurally unavailable in this block or accidentally lost.
PAIR_2023_West_SW: constant/all-NaN features,WARN,"['burned_weighted_frac_500km', 'burned_nearest_km_500km']",[],"Constant columns are diagnostic warnings, not automatically corruption."
all block schemas identical,PASS,[],[],
total rows,PASS,169882,169882,
global duplicate cell-days across blocks,PASS,0,0,
distinct evaluated grid cells,PASS,41,41,
